Ticker,Titles In,Score Weighted,Comment Weighted
HMHC,32,33,685
BOXL,18,20,268
BNED,17,18,165
BNGO,11,11,193
PHUN,10,10,258
HTBX,9,9,94
AMP,7,7,100
LOW,7,7,86
DGLY,6,6,47
FRSX,6,6,55
MVIS,6,6,68
GLBS,5,5,49
NBRV,5,5,57
RMBL,5,5,39
XSPA,5,5,47
IDEX,4,4,38
NAK,4,4,50
NOVN,4,4,18
PM,4,4,29
SINT,4,4,27
SUB,4,4,27
V,4,4,95
VCNX,4,4,16
CEO,3,3,39
GOLD,3,3,75
HHT,3,3,20
HOPE,3,3,28
HUGE,3,3,11
INFO,3,3,41
PT,3,3,36
REAL,3,3,14
TERM,3,3,34
TH,3,3,24
TTOO,3,3,38
VRNA,3,3,97
AUTO,2,2,7
CBL,2,2,6
CTRM,2,2,27
CTXR,2,2,0
DON,2,2,45
FLAG,2,2,59
GSAT,2,2,4
LL,2,2,29
LYFT,2,2,29
ONTX,2,2,10
OPK,2,2,3
OSS,2,2,24
RH,2,2,20
TD,2,2,17
TENX,2,2,5
THRM,2,2,6
TNXP,2,2,13
X,2,2,36
Y,2,2,25
ABT,1,1,26
AEZS,1,1,12
AGO,1,1,23
AHT,1,1,4
AIKI,1,1,12
AIR,1,1,0
ALOT,1,1,34
APDN,1,1,17
APPS,1,1,13
ASTC,1,1,0
ATOS,1,1,14
AYRO,1,1,13
AYTU,1,1,3
B,1,1,10
BBBY,1,1,8
BGG,1,1,0
BHTG,1,1,0
BIT,1,1,4
BLU,1,1,4
BMRA,1,1,0
BOOM,1,1,39
BRO,1,1,1
C,1,1,34
CA,1,1,26
CASH,1,1,10
COM,1,1,0
CSLT,1,1,3
CURE,1,1,0
CUT,1,1,27
DMPI,1,1,7
ENG,1,1,2
EQ,1,1,1
ETTX,1,1,2
EVER,1,1,27
EYE,1,1,7
FET,1,1,7
FLY,1,1,14
GENE,1,1,7
GHSI,1,1,2
GNUS,1,1,12
GROW,1,1,1
HJLI,1,1,4
HL,1,1,5
IBIO,1,1,0
IDRA,1,1,7
IMO,1,1,8
INUV,1,1,0
JAGX,1,1,1
KL,1,1,9
LAND,1,1,10
LOOP,1,1,8
MDGS,1,1,2
MOM,1,1,7
MTRX,1,1,8
NOK,1,1,7
NTEC,1,1,5
OGEN,1,1,0
OTLK,1,1,0
P,1,1,62
PDT,1,1,26
PS,1,1,15
ROOF,1,1,5
RRD,1,1,15
RWLK,1,1,2
SALM,1,1,10
SCYX,1,1,0
SGBX,1,1,7
SHIP,1,1,12
SLS,1,1,8
SOL,1,1,10
SOLO,1,1,5
SPAQ,1,1,0
SRNE,1,1,9
ST,1,1,4
STAY,1,1,23
SUNW,1,1,27
TA,1,1,9
THO,1,1,24
TOPS,1,1,3
TRIB,1,1,2
TWO,1,1,10
UAVS,1,1,0
UN,1,1,3
UUU,1,1,25
VERU,1,1,11
VERY,1,1,6
VISL,1,1,24
VUZI,1,1,17
W,1,1,16
WIRE,1,1,0
WISA,1,1,0
WWW,1,1,0
YVR,1,1,2
ZOM,1,1,22
ZVO,1,1,0
AA,0,0,0
AAAU,0,0,0
AACAY,0,0,0
AACG,0,0,0
AADR,0,0,0
AAGIY,0,0,0
AAL,0,0,0
AAMC,0,0,0
AAME,0,0,0
AAN,0,0,0
AAOI,0,0,0
AAON,0,0,0
AAP,0,0,0
AAPL,0,0,0
AAT,0,0,0
AAU,0,0,0
AAWW,0,0,0
AAXJ,0,0,0
AAXN,0,0,0
AB,0,0,0
ABAX,0,0,0
ABB,0,0,0
ABBV,0,0,0
ABC,0,0,0
ABCB,0,0,0
ABCD,0,0,0
ABDC,0,0,0
ABEO,0,0,0
ABEQ,0,0,0
ABEV,0,0,0
ABG,0,0,0
ABIO,0,0,0
ABM,0,0,0
ABMD,0,0,0
ABR,0,0,0
ABTX,0,0,0
ABUS,0,0,0
AC,0,0,0
ACA,0,0,0
ACAD,0,0,0
ACAM,0,0,0
ACB,0,0,0
ACBI,0,0,0
ACC,0,0,0
ACCO,0,0,0
ACEL,0,0,0
ACER,0,0,0
ACES,0,0,0
ACGBY,0,0,0
ACGL,0,0,0
ACH,0,0,0
ACHC,0,0,0
ACHN,0,0,0
ACHV,0,0,0
ACIA,0,0,0
ACIO,0,0,0
ACIU,0,0,0
ACIW,0,0,0
ACLS,0,0,0
ACM,0,0,0
ACMR,0,0,0
ACN,0,0,0
ACNB,0,0,0
ACOR,0,0,0
ACP,0,0,0
ACRE,0,0,0
ACRS,0,0,0
ACRX,0,0,0
ACSAY,0,0,0
ACSG,0,0,0
ACSI,0,0,0
ACST,0,0,0
ACT,0,0,0
ACTG,0,0,0
ACTT,0,0,0
ACU,0,0,0
ACV,0,0,0
ACWF,0,0,0
ACWI,0,0,0
ACWV,0,0,0
ACWX,0,0,0
ACY,0,0,0
ADAP,0,0,0
ADBE,0,0,0
ADC,0,0,0
ADCT,0,0,0
ADDYY,0,0,0
ADES,0,0,0
ADI,0,0,0
ADIL,0,0,0
ADM,0,0,0
ADMA,0,0,0
ADME,0,0,0
ADMP,0,0,0
ADMS,0,0,0
ADNT,0,0,0
ADP,0,0,0
ADPT,0,0,0
ADRA,0,0,0
ADRD,0,0,0
ADRE,0,0,0
ADRNY,0,0,0
ADRO,0,0,0
ADRU,0,0,0
ADS,0,0,0
ADSK,0,0,0
ADSW,0,0,0
ADT,0,0,0
ADTN,0,0,0
ADUS,0,0,0
ADVM,0,0,0
ADX,0,0,0
ADXN,0,0,0
ADXS,0,0,0
AE,0,0,0
AEE,0,0,0
AEF,0,0,0
AEGN,0,0,0
AEHR,0,0,0
AEIS,0,0,0
AEL,0,0,0
AEM,0,0,0
AEMD,0,0,0
AEO,0,0,0
AEP,0,0,0
AER,0,0,0
AERI,0,0,0
AES,0,0,0
AESE,0,0,0
AESR,0,0,0
AEY,0,0,0
AEYE,0,0,0
AFB,0,0,0
AFCB,0,0,0
AFG,0,0,0
AFH,0,0,0
AFI,0,0,0
AFIF,0,0,0
AFIN,0,0,0
AFK,0,0,0
AFL,0,0,0
AFLG,0,0,0
AFMC,0,0,0
AFMD,0,0,0
AFSM,0,0,0
AFT,0,0,0
AFTY,0,0,0
AFYA,0,0,0
AG,0,0,0
AGBA,0,0,0
AGC,0,0,0
AGCO,0,0,0
AGD,0,0,0
AGE,0,0,0
AGEN,0,0,0
AGESY,0,0,0
AGFS,0,0,0
AGG,0,0,0
AGGE,0,0,0
AGGP,0,0,0
AGGY,0,0,0
AGI,0,0,0
AGIO,0,0,0
AGLE,0,0,0
AGM,0,0,0
AGMH,0,0,0
AGN,0,0,0
AGNC,0,0,0
AGND,0,0,0
AGQ,0,0,0
AGR,0,0,0
AGRO,0,0,0
AGRX,0,0,0
AGS,0,0,0
AGT,0,0,0
AGTC,0,0,0
AGX,0,0,0
AGYS,0,0,0
AGZ,0,0,0
AGZD,0,0,0
AHC,0,0,0
AHCO,0,0,0
AHEXY,0,0,0
AHH,0,0,0
AHPI,0,0,0
AI,0,0,0
AIA,0,0,0
AIEQ,0,0,0
AIF,0,0,0
AIG,0,0,0
AIH,0,0,0
AIHS,0,0,0
AIIQ,0,0,0
AIM,0,0,0
AIMC,0,0,0
AIMT,0,0,0
AIN,0,0,0
AINC,0,0,0
AINV,0,0,0
AIO,0,0,0
AIQ,0,0,0
AIRG,0,0,0
AIRI,0,0,0
AIRR,0,0,0
AIRT,0,0,0
AIT,0,0,0
AIV,0,0,0
AIZ,0,0,0
AJG,0,0,0
AJRD,0,0,0
AJX,0,0,0
AKAM,0,0,0
AKBA,0,0,0
AKCA,0,0,0
AKER,0,0,0
AKG,0,0,0
AKO.A,0,0,0
AKO.B,0,0,0
AKR,0,0,0
AKRO,0,0,0
AKRX,0,0,0
AKS,0,0,0
AKTS,0,0,0
AKTX,0,0,0
AL,0,0,0
ALAC,0,0,0
ALB,0,0,0
ALBO,0,0,0
ALC,0,0,0
ALCO,0,0,0
ALDX,0,0,0
ALE,0,0,0
ALEC,0,0,0
ALEX,0,0,0
ALFA,0,0,0
ALG,0,0,0
ALGN,0,0,0
ALGR,0,0,0
ALGT,0,0,0
ALIM,0,0,0
ALJJ,0,0,0
ALK,0,0,0
ALKS,0,0,0
ALLE,0,0,0
ALLK,0,0,0
ALLO,0,0,0
ALLT,0,0,0
ALLY,0,0,0
ALNA,0,0,0
ALNY,0,0,0
ALO,0,0,0
ALPN,0,0,0
ALRM,0,0,0
ALRN,0,0,0
ALRS,0,0,0
ALSK,0,0,0
ALSN,0,0,0
ALT,0,0,0
ALTG,0,0,0
ALTM,0,0,0
ALTR,0,0,0
ALTS,0,0,0
ALTY,0,0,0
ALUS,0,0,0
ALV,0,0,0
ALX,0,0,0
ALXN,0,0,0
ALYA,0,0,0
ALZH,0,0,0
AMADY,0,0,0
AMAG,0,0,0
AMAL,0,0,0
AMAT,0,0,0
AMBA,0,0,0
AMBC,0,0,0
AMBO,0,0,0
AMC,0,0,0
AMCA,0,0,0
AMCI,0,0,0
AMCR,0,0,0
AMCX,0,0,0
AMD,0,0,0
AME,0,0,0
AMED,0,0,0
AMEH,0,0,0
AMG,0,0,0
AMGN,0,0,0
AMH,0,0,0
AMHC,0,0,0
AMJ,0,0,0
AMJL,0,0,0
AMK,0,0,0
AMKBY,0,0,0
AMKR,0,0,0
AMLP,0,0,0
AMMA,0,0,0
AMN,0,0,0
AMNB,0,0,0
AMOM,0,0,0
AMOT,0,0,0
AMOV,0,0,0
AMPE,0,0,0
AMPH,0,0,0
AMPY,0,0,0
AMRB,0,0,0
AMRC,0,0,0
AMRH,0,0,0
AMRK,0,0,0
AMRN,0,0,0
AMRS,0,0,0
AMRX,0,0,0
AMS,0,0,0
AMSC,0,0,0
AMSF,0,0,0
AMSWA,0,0,0
AMT,0,0,0
AMTB,0,0,0
AMTBB,0,0,0
AMTD,0,0,0
AMTI,0,0,0
AMTX,0,0,0
AMU,0,0,0
AMUB,0,0,0
AMWD,0,0,0
AMX,0,0,0
AMZA,0,0,0
AMZN,0,0,0
ANAB,0,0,0
ANAT,0,0,0
ANCN,0,0,0
ANCX,0,0,0
ANDA,0,0,0
ANDE,0,0,0
ANDV,0,0,0
ANET,0,0,0
ANF,0,0,0
ANGI,0,0,0
ANGL,0,0,0
ANGO,0,0,0
ANH,0,0,0
ANIK,0,0,0
ANIP,0,0,0
ANIX,0,0,0
ANSS,0,0,0
ANTE,0,0,0
ANTM,0,0,0
ANVS,0,0,0
ANZBY,0,0,0
AOA,0,0,0
AOBC,0,0,0
AOD,0,0,0
AOK,0,0,0
AOM,0,0,0
AON,0,0,0
AOR,0,0,0
AOS,0,0,0
AOSL,0,0,0
AP,0,0,0
APA,0,0,0
APAM,0,0,0
APB,0,0,0
APD,0,0,0
APEI,0,0,0
APELY,0,0,0
APEN,0,0,0
APEX,0,0,0
APG,0,0,0
APH,0,0,0
APHA,0,0,0
API,0,0,0
APL,0,0,0
APLE,0,0,0
APLS,0,0,0
APLT,0,0,0
APM,0,0,0
APO,0,0,0
APOG,0,0,0
APOP,0,0,0
APPF,0,0,0
APPN,0,0,0
APRE,0,0,0
APRN,0,0,0
APT,0,0,0
APTI,0,0,0
APTO,0,0,0
APTS,0,0,0
APTV,0,0,0
APTX,0,0,0
APVO,0,0,0
APWC,0,0,0
APXT,0,0,0
APY,0,0,0
APYX,0,0,0
AQB,0,0,0
AQMS,0,0,0
AQN,0,0,0
AQST,0,0,0
AQUA,0,0,0
AR,0,0,0
ARA,0,0,0
ARAV,0,0,0
ARAY,0,0,0
ARB,0,0,0
ARC,0,0,0
ARCB,0,0,0
ARCC,0,0,0
ARCE,0,0,0
ARCH,0,0,0
ARCM,0,0,0
ARCO,0,0,0
ARCT,0,0,0
ARD,0,0,0
ARDC,0,0,0
ARDS,0,0,0
ARDX,0,0,0
AREC,0,0,0
ARES,0,0,0
ARGO,0,0,0
ARGT,0,0,0
ARGX,0,0,0
ARI,0,0,0
ARKF,0,0,0
ARKG,0,0,0
ARKK,0,0,0
ARKQ,0,0,0
ARKR,0,0,0
ARKW,0,0,0
ARL,0,0,0
ARLO,0,0,0
ARLP,0,0,0
ARMK,0,0,0
ARMP,0,0,0
ARMR,0,0,0
ARNA,0,0,0
ARNC,0,0,0
AROC,0,0,0
AROW,0,0,0
ARPO,0,0,0
ARQL,0,0,0
ARQT,0,0,0
ARR,0,0,0
ARTL,0,0,0
ARTNA,0,0,0
ARTW,0,0,0
ARVN,0,0,0
ARVR,0,0,0
ARW,0,0,0
ARWR,0,0,0
ARYA,0,0,0
ASA,0,0,0
ASB,0,0,0
ASC,0,0,0
ASEA,0,0,0
ASET,0,0,0
ASFI,0,0,0
ASG,0,0,0
ASGLY,0,0,0
ASGN,0,0,0
ASH,0,0,0
ASHR,0,0,0
ASHS,0,0,0
ASHX,0,0,0
ASIX,0,0,0
ASLN,0,0,0
ASM,0,0,0
ASMB,0,0,0
ASML,0,0,0
ASNA,0,0,0
ASND,0,0,0
ASOMY,0,0,0
ASPN,0,0,0
ASPS,0,0,0
ASPU,0,0,0
ASR,0,0,0
ASRT,0,0,0
ASRV,0,0,0
ASTE,0,0,0
ASUR,0,0,0
ASX,0,0,0
ASYS,0,0,0
ATAX,0,0,0
ATCO,0,0,0
ATCX,0,0,0
ATEC,0,0,0
ATEN,0,0,0
ATEX,0,0,0
ATGE,0,0,0
ATH,0,0,0
ATHE,0,0,0
ATHM,0,0,0
ATHX,0,0,0
ATI,0,0,0
ATIF,0,0,0
ATKR,0,0,0
ATLC,0,0,0
ATLO,0,0,0
ATMP,0,0,0
ATNI,0,0,0
ATNM,0,0,0
ATNX,0,0,0
ATO,0,0,0
ATOM,0,0,0
ATR,0,0,0
ATRA,0,0,0
ATRC,0,0,0
ATRI,0,0,0
ATRO,0,0,0
ATRS,0,0,0
ATSG,0,0,0
ATTO,0,0,0
ATTU,0,0,0
ATUS,0,0,0
ATV,0,0,0
ATVI,0,0,0
ATXI,0,0,0
AU,0,0,0
AUB,0,0,0
AUBN,0,0,0
AUDC,0,0,0
AUG,0,0,0
AUMN,0,0,0
AUPH,0,0,0
AUSF,0,0,0
AUTL,0,0,0
AUY,0,0,0
AVA,0,0,0
AVAL,0,0,0
AVAV,0,0,0
AVB,0,0,0
AVCO,0,0,0
AVCT,0,0,0
AVD,0,0,0
AVDE,0,0,0
AVDL,0,0,0
AVDV,0,0,0
AVEM,0,0,0
AVEO,0,0,0
AVGO,0,0,0
AVGR,0,0,0
AVH,0,0,0
AVHI,0,0,0
AVID,0,0,0
AVK,0,0,0
AVLR,0,0,0
AVNS,0,0,0
AVNW,0,0,0
AVRO,0,0,0
AVT,0,0,0
AVTR,0,0,0
AVUS,0,0,0
AVUV,0,0,0
AVVIY,0,0,0
AVX,0,0,0
AVXL,0,0,0
AVY,0,0,0
AVYA,0,0,0
AWAY,0,0,0
AWCMY,0,0,0
AWF,0,0,0
AWH,0,0,0
AWI,0,0,0
AWK,0,0,0
AWP,0,0,0
AWR,0,0,0
AWRE,0,0,0
AWTM,0,0,0
AWX,0,0,0
AX,0,0,0
AXAS,0,0,0
AXDX,0,0,0
AXE,0,0,0
AXGN,0,0,0
AXGT,0,0,0
AXJL,0,0,0
AXL,0,0,0
AXLA,0,0,0
AXNX,0,0,0
AXP,0,0,0
AXR,0,0,0
AXS,0,0,0
AXSM,0,0,0
AXTA,0,0,0
AXTI,0,0,0
AXU,0,0,0
AY,0,0,0
AYI,0,0,0
AYLA,0,0,0
AYR,0,0,0
AYX,0,0,0
AZAA,0,0,0
AZBA,0,0,0
AZEK,0,0,0
AZN,0,0,0
AZO,0,0,0
AZPN,0,0,0
AZRE,0,0,0
AZRX,0,0,0
AZUL,0,0,0
AZZ,0,0,0
BA,0,0,0
BAB,0,0,0
BABA,0,0,0
BAC,0,0,0
BACHY,0,0,0
BAESY,0,0,0
BAF,0,0,0
BAH,0,0,0
BAK,0,0,0
BAL,0,0,0
BAM,0,0,0
BANC,0,0,0
BAND,0,0,0
BANF,0,0,0
BANR,0,0,0
BANX,0,0,0
BAP,0,0,0
BAPR,0,0,0
BAR,0,0,0
BASI,0,0,0
BATL,0,0,0
BATRA,0,0,0
BATRK,0,0,0
BATT,0,0,0
BAUG,0,0,0
BAX,0,0,0
BAYRY,0,0,0
BB,0,0,0
BBAR,0,0,0
BBAX,0,0,0
BBC,0,0,0
BBCA,0,0,0
BBCP,0,0,0
BBD,0,0,0
BBDC,0,0,0
BBDO,0,0,0
BBEU,0,0,0
BBF,0,0,0
BBGI,0,0,0
BBH,0,0,0
BBI,0,0,0
BBIN,0,0,0
BBIO,0,0,0
BBJP,0,0,0
BBK,0,0,0
BBL,0,0,0
BBMC,0,0,0
BBN,0,0,0
BBOX,0,0,0
BBP,0,0,0
BBQ,0,0,0
BBRE,0,0,0
BBSA,0,0,0
BBSI,0,0,0
BBU,0,0,0
BBUS,0,0,0
BBVA,0,0,0
BBW,0,0,0
BBX,0,0,0
BBY,0,0,0
BC,0,0,0
BCAUY,0,0,0
BCBP,0,0,0
BCC,0,0,0
BCD,0,0,0
BCDA,0,0,0
BCE,0,0,0
BCEI,0,0,0
BCEL,0,0,0
BCH,0,0,0
BCI,0,0,0
BCLI,0,0,0
BCM,0,0,0
BCML,0,0,0
BCO,0,0,0
BCOM,0,0,0
BCOR,0,0,0
BCOV,0,0,0
BCOW,0,0,0
BCPC,0,0,0
BCRH,0,0,0
BCRX,0,0,0
BCS,0,0,0
BCSF,0,0,0
BCTF,0,0,0
BCV,0,0,0
BCX,0,0,0
BCYC,0,0,0
BDC,0,0,0
BDCL,0,0,0
BDCS,0,0,0
BDCX,0,0,0
BDCY,0,0,0
BDCZ,0,0,0
BDEC,0,0,0
BDGE,0,0,0
BDJ,0,0,0
BDL,0,0,0
BDN,0,0,0
BDORY,0,0,0
BDR,0,0,0
BDRBF,0,0,0
BDRY,0,0,0
BDSI,0,0,0
BDTX,0,0,0
BDX,0,0,0
BEAM,0,0,0
BEAT,0,0,0
BECN,0,0,0
BEDU,0,0,0
BELFA,0,0,0
BELFB,0,0,0
BEN,0,0,0
BEP,0,0,0
BERY,0,0,0
BETZ,0,0,0
BF.A,0,0,0
BF.B,0,0,0
BFAM,0,0,0
BFC,0,0,0
BFEB,0,0,0
BFIN,0,0,0
BFIT,0,0,0
BFK,0,0,0
BFO,0,0,0
BFOR,0,0,0
BFRA,0,0,0
BFS,0,0,0
BFST,0,0,0
BFY,0,0,0
BFYT,0,0,0
BFZ,0,0,0
BG,0,0,0
BGB,0,0,0
BGCP,0,0,0
BGFV,0,0,0
BGH,0,0,0
BGI,0,0,0
BGIO,0,0,0
BGNE,0,0,0
BGR,0,0,0
BGRN,0,0,0
BGS,0,0,0
BGSF,0,0,0
BGT,0,0,0
BGX,0,0,0
BGY,0,0,0
BH.A,0,0,0
BH,0,0,0
BHAC,0,0,0
BHACU,0,0,0
BHAT,0,0,0
BHB,0,0,0
BHC,0,0,0
BHE,0,0,0
BHF,0,0,0
BHK,0,0,0
BHLB,0,0,0
BHP,0,0,0
BHR,0,0,0
BHV,0,0,0
BHVN,0,0,0
BIB,0,0,0
BIBL,0,0,0
BICK,0,0,0
BIDU,0,0,0
BIF,0,0,0
BIIB,0,0,0
BIL,0,0,0
BILI,0,0,0
BILL,0,0,0
BIMI,0,0,0
BIO.B,0,0,0
BIO,0,0,0
BIOC,0,0,0
BIOL,0,0,0
BIOS,0,0,0
BIOX,0,0,0
BIP,0,0,0
BIPC,0,0,0
BIS,0,0,0
BITA,0,0,0
BIV,0,0,0
BIZD,0,0,0
BJ,0,0,0
BJAN,0,0,0
BJK,0,0,0
BJRI,0,0,0
BJUL,0,0,0
BJUN,0,0,0
BK,0,0,0
BKAG,0,0,0
BKCC,0,0,0
BKD,0,0,0
BKE,0,0,0
BKEM,0,0,0
BKEP,0,0,0
BKF,0,0,0
BKH,0,0,0
BKHY,0,0,0
BKI,0,0,0
BKIE,0,0,0
BKK,0,0,0
BKLC,0,0,0
BKLN,0,0,0
BKMC,0,0,0
BKN,0,0,0
BKNG,0,0,0
BKR,0,0,0
BKRKY,0,0,0
BKSB,0,0,0
BKSC,0,0,0
BKSE,0,0,0
BKT,0,0,0
BKTI,0,0,0
BKU,0,0,0
BKYI,0,0,0
BL,0,0,0
BLBD,0,0,0
BLCM,0,0,0
BLCN,0,0,0
BLD,0,0,0
BLDP,0,0,0
BLDR,0,0,0
BLE,0,0,0
BLES,0,0,0
BLFS,0,0,0
BLH,0,0,0
BLHY,0,0,0
BLIN,0,0,0
BLK,0,0,0
BLKB,0,0,0
BLL,0,0,0
BLMN,0,0,0
BLNK,0,0,0
BLOK,0,0,0
BLPH,0,0,0
BLRX,0,0,0
BLUE,0,0,0
BLV,0,0,0
BLW,0,0,0
BLX,0,0,0
BMA,0,0,0
BMAR,0,0,0
BMAY,0,0,0
BMCH,0,0,0
BME,0,0,0
BMEZ,0,0,0
BMI,0,0,0
BMLP,0,0,0
BMO,0,0,0
BMRC,0,0,0
BMRG,0,0,0
BMRN,0,0,0
BMTC,0,0,0
BMWYY,0,0,0
BMY,0,0,0
BND,0,0,0
BNDC,0,0,0
BNDW,0,0,0
BNDX,0,0,0
BNFT,0,0,0
BNKD,0,0,0
BNKO,0,0,0
BNKU,0,0,0
BNKZ,0,0,0
BNO,0,0,0
BNOV,0,0,0
BNR,0,0,0
BNS,0,0,0
BNSO,0,0,0
BNTC,0,0,0
BNTGY,0,0,0
BNTX,0,0,0
BNY,0,0,0
BOCH,0,0,0
BOCT,0,0,0
BOE,0,0,0
BOH,0,0,0
BOIL,0,0,0
BOJA,0,0,0
BOKF,0,0,0
BOMN,0,0,0
BOND,0,0,0
BOOT,0,0,0
BORR,0,0,0
BOSS,0,0,0
BOTJ,0,0,0
BOTZ,0,0,0
BOUT,0,0,0
BOX,0,0,0
BP,0,0,0
BPFH,0,0,0
BPMC,0,0,0
BPMP,0,0,0
BPMX,0,0,0
BPOP,0,0,0
BPRN,0,0,0
BPT,0,0,0
BPTH,0,0,0
BPY,0,0,0
BPYU,0,0,0
BQH,0,0,0
BR,0,0,0
BRBR,0,0,0
BRBS,0,0,0
BRC,0,0,0
BRDCY,0,0,0
BREW,0,0,0
BRF,0,0,0
BRFS,0,0,0
BRG,0,0,0
BRID,0,0,0
BRK.A,0,0,0
BRK.B,0,0,0
BRKL,0,0,0
BRKR,0,0,0
BRKS,0,0,0
BRMK,0,0,0
BRN,0,0,0
BROG,0,0,0
BRP,0,0,0
BRPA,0,0,0
BRPM,0,0,0
BRQS,0,0,0
BRT,0,0,0
BRX,0,0,0
BRY,0,0,0
BRZU,0,0,0
BSAC,0,0,0
BSAE,0,0,0
BSBE,0,0,0
BSBK,0,0,0
BSBR,0,0,0
BSCE,0,0,0
BSCI,0,0,0
BSCK,0,0,0
BSCL,0,0,0
BSCM,0,0,0
BSCN,0,0,0
BSCO,0,0,0
BSCP,0,0,0
BSCQ,0,0,0
BSCR,0,0,0
BSCS,0,0,0
BSCT,0,0,0
BSD,0,0,0
BSDE,0,0,0
BSE,0,0,0
BSEP,0,0,0
BSET,0,0,0
BSGM,0,0,0
BSIG,0,0,0
BSJI,0,0,0
BSJK,0,0,0
BSJL,0,0,0
BSJM,0,0,0
BSJN,0,0,0
BSJO,0,0,0
BSJP,0,0,0
BSJQ,0,0,0
BSJR,0,0,0
BSL,0,0,0
BSM,0,0,0
BSML,0,0,0
BSMM,0,0,0
BSMN,0,0,0
BSMO,0,0,0
BSMP,0,0,0
BSMQ,0,0,0
BSMR,0,0,0
BSMS,0,0,0
BSMT,0,0,0
BSMX,0,0,0
BSQR,0,0,0
BSRR,0,0,0
BST,0,0,0
BSTC,0,0,0
BSTZ,0,0,0
BSV,0,0,0
BSVN,0,0,0
BSX,0,0,0
BTA,0,0,0
BTAI,0,0,0
BTAL,0,0,0
BTE,0,0,0
BTEC,0,0,0
BTG,0,0,0
BTI,0,0,0
BTLCY,0,0,0
BTN,0,0,0
BTO,0,0,0
BTT,0,0,0
BTU,0,0,0
BTYS,0,0,0
BTZ,0,0,0
BUD,0,0,0
BUG,0,0,0
BUI,0,0,0
BUL,0,0,0
BURBY,0,0,0
BURG,0,0,0
BURL,0,0,0
BUSE,0,0,0
BUYN,0,0,0
BUYZ,0,0,0
BV,0,0,0
BVAL,0,0,0
BVN,0,0,0
BVSN,0,0,0
BVXV,0,0,0
BW,0,0,0
BWA,0,0,0
BWAY,0,0,0
BWB,0,0,0
BWEN,0,0,0
BWFG,0,0,0
BWG,0,0,0
BWINA,0,0,0
BWINB,0,0,0
BWL.A,0,0,0
BWMC,0,0,0
BWMX,0,0,0
BWX,0,0,0
BWXT,0,0,0
BWZ,0,0,0
BX,0,0,0
BXBLY,0,0,0
BXC,0,0,0
BXG,0,0,0
BXMT,0,0,0
BXMX,0,0,0
BXP,0,0,0
BXRX,0,0,0
BXS,0,0,0
BYD,0,0,0
BYDDY,0,0,0
BYFC,0,0,0
BYLD,0,0,0
BYM,0,0,0
BYND,0,0,0
BYSI,0,0,0
BZH,0,0,0
BZLFY,0,0,0
BZM,0,0,0
BZQ,0,0,0
BZUN,0,0,0
CAAP,0,0,0
CAAS,0,0,0
CABA,0,0,0
CABGY,0,0,0
CABO,0,0,0
CAC,0,0,0
CACC,0,0,0
CACG,0,0,0
CACI,0,0,0
CADE,0,0,0
CAE,0,0,0
CAF,0,0,0
CAG,0,0,0
CAH,0,0,0
CAI,0,0,0
CAJ,0,0,0
CAKE,0,0,0
CAL,0,0,0
CALA,0,0,0
CALB,0,0,0
CALF,0,0,0
CALM,0,0,0
CALT,0,0,0
CALX,0,0,0
CAMP,0,0,0
CAMT,0,0,0
CANE,0,0,0
CANF,0,0,0
CANG,0,0,0
CAPE,0,0,0
CAPL,0,0,0
CAPR,0,0,0
CAR,0,0,0
CARA,0,0,0
CARE,0,0,0
CARG,0,0,0
CARO,0,0,0
CARR,0,0,0
CARS,0,0,0
CART,0,0,0
CARV,0,0,0
CARZ,0,0,0
CASA,0,0,0
CASI,0,0,0
CASS,0,0,0
CASY,0,0,0
CAT,0,0,0
CATB,0,0,0
CATC,0,0,0
CATH,0,0,0
CATM,0,0,0
CATO,0,0,0
CATS,0,0,0
CATY,0,0,0
CB,0,0,0
CBAN,0,0,0
CBAT,0,0,0
CBAY,0,0,0
CBB,0,0,0
CBD,0,0,0
CBFV,0,0,0
CBH,0,0,0
CBIO,0,0,0
CBLI,0,0,0
CBMB,0,0,0
CBMG,0,0,0
CBNK,0,0,0
CBOE,0,0,0
CBON,0,0,0
CBPO,0,0,0
CBPX,0,0,0
CBRE,0,0,0
CBRL,0,0,0
CBSH,0,0,0
CBT,0,0,0
CBTX,0,0,0
CBU,0,0,0
CBZ,0,0,0
CC,0,0,0
CCA,0,0,0
CCAC,0,0,0
CCAP,0,0,0
CCB,0,0,0
CCBG,0,0,0
CCC,0,0,0
CCCL,0,0,0
CCD,0,0,0
CCEP,0,0,0
CCF,0,0,0
CCH,0,0,0
CCI,0,0,0
CCJ,0,0,0
CCK,0,0,0
CCL,0,0,0
CCLP,0,0,0
CCM,0,0,0
CCMP,0,0,0
CCNC,0,0,0
CCNE,0,0,0
CCO,0,0,0
CCOI,0,0,0
CCOJY,0,0,0
CCOR,0,0,0
CCR,0,0,0
CCRC,0,0,0
CCRN,0,0,0
CCS,0,0,0
CCT,0,0,0
CCU,0,0,0
CCX,0,0,0
CCXI,0,0,0
CCXX,0,0,0
CDAY,0,0,0
CDC,0,0,0
CDE,0,0,0
CDEV,0,0,0
CDK,0,0,0
CDL,0,0,0
CDLX,0,0,0
CDMO,0,0,0
CDNA,0,0,0
CDNS,0,0,0
CDOR,0,0,0
CDR,0,0,0
CDTX,0,0,0
CDW,0,0,0
CDXC,0,0,0
CDXS,0,0,0
CDZI,0,0,0
CE,0,0,0
CEA,0,0,0
CECE,0,0,0
CEE,0,0,0
CEF,0,0,0
CEFD,0,0,0
CEFL,0,0,0
CEFS,0,0,0
CEFZ,0,0,0
CEI,0,0,0
CEIX,0,0,0
CEL,0,0,0
CELC,0,0,0
CELH,0,0,0
CELP,0,0,0
CEM,0,0,0
CEMB,0,0,0
CEMI,0,0,0
CEN,0,0,0
CENT,0,0,0
CENTA,0,0,0
CENX,0,0,0
CEPU,0,0,0
CEQP,0,0,0
CERC,0,0,0
CERN,0,0,0
CERS,0,0,0
CET,0,0,0
CETV,0,0,0
CETX,0,0,0
CEV,0,0,0
CEVA,0,0,0
CEW,0,0,0
CEY,0,0,0
CEZ,0,0,0
CF,0,0,0
CFA,0,0,0
CFB,0,0,0
CFBI,0,0,0
CFBK,0,0,0
CFCV,0,0,0
CFFA,0,0,0
CFFI,0,0,0
CFFN,0,0,0
CFG,0,0,0
CFMS,0,0,0
CFO,0,0,0
CFR,0,0,0
CFRUY,0,0,0
CFRX,0,0,0
CFX,0,0,0
CG,0,0,0
CGA,0,0,0
CGBD,0,0,0
CGC,0,0,0
CGEN,0,0,0
CGIX,0,0,0
CGNX,0,0,0
CGO,0,0,0
CGW,0,0,0
CHA,0,0,0
CHAD,0,0,0
CHAP,0,0,0
CHAU,0,0,0
CHCI,0,0,0
CHCO,0,0,0
CHCT,0,0,0
CHD,0,0,0
CHDN,0,0,0
CHE,0,0,0
CHEF,0,0,0
CHEK,0,0,0
CHEP,0,0,0
CHFN,0,0,0
CHFS,0,0,0
CHGG,0,0,0
CHGX,0,0,0
CHH,0,0,0
CHI,0,0,0
CHIC,0,0,0
CHIE,0,0,0
CHIH,0,0,0
CHII,0,0,0
CHIK,0,0,0
CHIL,0,0,0
CHIM,0,0,0
CHIQ,0,0,0
CHIR,0,0,0
CHIS,0,0,0
CHIU,0,0,0
CHIX,0,0,0
CHK,0,0,0
CHKP,0,0,0
CHKR,0,0,0
CHL,0,0,0
CHLN,0,0,0
CHMA,0,0,0
CHMG,0,0,0
CHMI,0,0,0
CHN,0,0,0
CHNA,0,0,0
CHNG,0,0,0
CHNR,0,0,0
CHPM,0,0,0
CHRA,0,0,0
CHRS,0,0,0
CHRW,0,0,0
CHS,0,0,0
CHT,0,0,0
CHTR,0,0,0
CHU,0,0,0
CHUY,0,0,0
CHW,0,0,0
CHWY,0,0,0
CHX,0,0,0
CHY,0,0,0
CHYHY,0,0,0
CI,0,0,0
CIA,0,0,0
CIB,0,0,0
CIBEY,0,0,0
CIBR,0,0,0
CICHY,0,0,0
CID,0,0,0
CIDM,0,0,0
CIEN,0,0,0
CIF,0,0,0
CIFS,0,0,0
CIG.C,0,0,0
CIG,0,0,0
CIGI,0,0,0
CIH,0,0,0
CIHKY,0,0,0
CII,0,0,0
CIIC,0,0,0
CIK,0,0,0
CIL,0,0,0
CIM,0,0,0
CINF,0,0,0
CINR,0,0,0
CIO,0,0,0
CIOXY,0,0,0
CIR,0,0,0
CISN,0,0,0
CIT,0,0,0
CIVB,0,0,0
CIX,0,0,0
CIZ,0,0,0
CIZN,0,0,0
CJJD,0,0,0
CJPRY,0,0,0
CKH,0,0,0
CKHUY,0,0,0
CKPT,0,0,0
CKX,0,0,0
CL,0,0,0
CLAR,0,0,0
CLB,0,0,0
CLBK,0,0,0
CLBS,0,0,0
CLCT,0,0,0
CLDB,0,0,0
CLDR,0,0,0
CLDT,0,0,0
CLDX,0,0,0
CLEU,0,0,0
CLF,0,0,0
CLFD,0,0,0
CLGN,0,0,0
CLGX,0,0,0
CLH,0,0,0
CLI,0,0,0
CLIR,0,0,0
CLIX,0,0,0
CLLDY,0,0,0
CLM,0,0,0
CLMT,0,0,0
CLNC,0,0,0
CLNE,0,0,0
CLNY,0,0,0
CLOU,0,0,0
CLPBY,0,0,0
CLPHY,0,0,0
CLPR,0,0,0
CLPS,0,0,0
CLPT,0,0,0
CLR,0,0,0
CLRB,0,0,0
CLRG,0,0,0
CLRO,0,0,0
CLS,0,0,0
CLSD,0,0,0
CLSK,0,0,0
CLSN,0,0,0
CLTL,0,0,0
CLUB,0,0,0
CLVS,0,0,0
CLW,0,0,0
CLWT,0,0,0
CLX,0,0,0
CLXT,0,0,0
CM,0,0,0
CMA,0,0,0
CMBM,0,0,0
CMBS,0,0,0
CMC,0,0,0
CMCL,0,0,0
CMCM,0,0,0
CMCO,0,0,0
CMCSA,0,0,0
CMCT,0,0,0
CMD,0,0,0
CMDY,0,0,0
CME,0,0,0
CMF,0,0,0
CMG,0,0,0
CMI,0,0,0
CMLS,0,0,0
CMO,0,0,0
CMP,0,0,0
CMPGY,0,0,0
CMPR,0,0,0
CMRE,0,0,0
CMRX,0,0,0
CMS,0,0,0
CMT,0,0,0
CMTL,0,0,0
CMU,0,0,0
CMWAY,0,0,0
CN,0,0,0
CNA,0,0,0
CNAT,0,0,0
CNBKA,0,0,0
CNBS,0,0,0
CNC,0,0,0
CNCE,0,0,0
CNCR,0,0,0
CNDF,0,0,0
CNDT,0,0,0
CNET,0,0,0
CNF,0,0,0
CNFR,0,0,0
CNHI,0,0,0
CNI,0,0,0
CNK,0,0,0
CNMD,0,0,0
CNNB,0,0,0
CNNE,0,0,0
CNO,0,0,0
CNOB,0,0,0
CNP,0,0,0
CNQ,0,0,0
CNR,0,0,0
CNRG,0,0,0
CNS,0,0,0
CNSF,0,0,0
CNSL,0,0,0
CNSP,0,0,0
CNST,0,0,0
CNTG,0,0,0
CNTX,0,0,0
CNTY,0,0,0
CNWGY,0,0,0
CNX,0,0,0
CNXM,0,0,0
CNXN,0,0,0
CNXT,0,0,0
CNY,0,0,0
CNYA,0,0,0
CO,0,0,0
COBZ,0,0,0
COCP,0,0,0
CODA,0,0,0
CODI,0,0,0
CODX,0,0,0
COE,0,0,0
COF,0,0,0
COFS,0,0,0
COG,0,0,0
COHN,0,0,0
COHR,0,0,0
COHU,0,0,0
COIHY,0,0,0
COKE,0,0,0
COLB,0,0,0
COLD,0,0,0
COLL,0,0,0
COLM,0,0,0
COMB,0,0,0
COMM,0,0,0
COMT,0,0,0
CONE,0,0,0
CONN,0,0,0
COO,0,0,0
COOP,0,0,0
COP,0,0,0
COPX,0,0,0
COR,0,0,0
CORE,0,0,0
CORN,0,0,0
CORP,0,0,0
CORR,0,0,0
CORT,0,0,0
CORV,0,0,0
COT,0,0,0
COTV,0,0,0
COTY,0,0,0
COUP,0,0,0
COVTY,0,0,0
COW,0,0,0
COWN,0,0,0
COWZ,0,0,0
CP,0,0,0
CPA,0,0,0
CPAA,0,0,0
CPAC,0,0,0
CPAH,0,0,0
CPB,0,0,0
CPE,0,0,0
CPER,0,0,0
CPF,0,0,0
CPG,0,0,0
CPHC,0,0,0
CPHI,0,0,0
CPI,0,0,0
CPIX,0,0,0
CPK,0,0,0
CPL,0,0,0
CPLA,0,0,0
CPLG,0,0,0
CPLP,0,0,0
CPRI,0,0,0
CPRT,0,0,0
CPRX,0,0,0
CPS,0,0,0
CPSH,0,0,0
CPSI,0,0,0
CPSS,0,0,0
CPST,0,0,0
CPT,0,0,0
CPTA,0,0,0
CPYYY,0,0,0
CPZ,0,0,0
CQP,0,0,0
CQQQ,0,0,0
CR,0,0,0
CRAI,0,0,0
CRAK,0,0,0
CRBN,0,0,0
CRBP,0,0,0
CRC,0,0,0
CRCM,0,0,0
CRD.A,0,0,0
CRD.B,0,0,0
CRDF,0,0,0
CREE,0,0,0
CREG,0,0,0
CRESY,0,0,0
CREX,0,0,0
CRF,0,0,0
CRH,0,0,0
CRHM,0,0,0
CRI,0,0,0
CRIS,0,0,0
CRK,0,0,0
CRL,0,0,0
CRM,0,0,0
CRMD,0,0,0
CRMT,0,0,0
CRNC,0,0,0
CRNT,0,0,0
CRNX,0,0,0
CROC,0,0,0
CRON,0,0,0
CROP,0,0,0
CROX,0,0,0
CRS,0,0,0
CRSA,0,0,0
CRSP,0,0,0
CRT,0,0,0
CRTX,0,0,0
CRUS,0,0,0
CRVL,0,0,0
CRVS,0,0,0
CRWD,0,0,0
CRWS,0,0,0
CRY,0,0,0
CRZBY,0,0,0
CS,0,0,0
CSA,0,0,0
CSB,0,0,0
CSBR,0,0,0
CSCO,0,0,0
CSD,0,0,0
CSF,0,0,0
CSFL,0,0,0
CSGP,0,0,0
CSGS,0,0,0
CSII,0,0,0
CSIQ,0,0,0
CSL,0,0,0
CSLLY,0,0,0
CSM,0,0,0
CSML,0,0,0
CSOD,0,0,0
CSPI,0,0,0
CSPR,0,0,0
CSQ,0,0,0
CSS,0,0,0
CSSE,0,0,0
CSTE,0,0,0
CSTL,0,0,0
CSTM,0,0,0
CSTR,0,0,0
CSU,0,0,0
CSUAY,0,0,0
CSV,0,0,0
CSWC,0,0,0
CSWI,0,0,0
CSX,0,0,0
CTAC,0,0,0
CTAS,0,0,0
CTB,0,0,0
CTBI,0,0,0
CTEK,0,0,0
CTG,0,0,0
CTHR,0,0,0
CTIB,0,0,0
CTIC,0,0,0
CTK,0,0,0
CTL,0,0,0
CTLT,0,0,0
CTMX,0,0,0
CTO,0,0,0
CTR,0,0,0
CTRA,0,0,0
CTRC,0,0,0
CTRE,0,0,0
CTRN,0,0,0
CTS,0,0,0
CTSH,0,0,0
CTSO,0,0,0
CTST,0,0,0
CTT,0,0,0
CTTAY,0,0,0
CTVA,0,0,0
CTXS,0,0,0
CUB,0,0,0
CUBA,0,0,0
CUBE,0,0,0
CUBI,0,0,0
CUE,0,0,0
CUI,0,0,0
CUK,0,0,0
CULP,0,0,0
CUO,0,0,0
CURO,0,0,0
CUTR,0,0,0
CUZ,0,0,0
CVA,0,0,0
CVBF,0,0,0
CVCO,0,0,0
CVCY,0,0,0
CVE,0,0,0
CVEO,0,0,0
CVET,0,0,0
CVG,0,0,0
CVGI,0,0,0
CVGW,0,0,0
CVI,0,0,0
CVIA,0,0,0
CVLT,0,0,0
CVLY,0,0,0
CVM,0,0,0
CVNA,0,0,0
CVON,0,0,0
CVOVQ,0,0,0
CVR,0,0,0
CVRR,0,0,0
CVS,0,0,0
CVTI,0,0,0
CVU,0,0,0
CVV,0,0,0
CVX,0,0,0
CVY,0,0,0
CW,0,0,0
CWAY,0,0,0
CWB,0,0,0
CWBC,0,0,0
CWBR,0,0,0
CWCO,0,0,0
CWEB,0,0,0
CWEN.A,0,0,0
CWEN,0,0,0
CWH,0,0,0
CWI,0,0,0
CWK,0,0,0
CWS,0,0,0
CWST,0,0,0
CWT,0,0,0
CX,0,0,0
CXDC,0,0,0
CXE,0,0,0
CXH,0,0,0
CXO,0,0,0
CXP,0,0,0
CXSE,0,0,0
CXW,0,0,0
CY,0,0,0
CYAD,0,0,0
CYAN,0,0,0
CYB,0,0,0
CYBE,0,0,0
CYBR,0,0,0
CYCC,0,0,0
CYCN,0,0,0
CYD,0,0,0
CYH,0,0,0
CYOU,0,0,0
CYRN,0,0,0
CYRX,0,0,0
CYS,0,0,0
CYTK,0,0,0
CZA,0,0,0
CZMWY,0,0,0
CZNC,0,0,0
CZR,0,0,0
CZWI,0,0,0
CZZ,0,0,0
DAC,0,0,0
DADA,0,0,0
DAIO,0,0,0
DAKT,0,0,0
DAL,0,0,0
DALI,0,0,0
DALT,0,0,0
DAN,0,0,0
DAO,0,0,0
DAR,0,0,0
DARE,0,0,0
DAUD,0,0,0
DAUG,0,0,0
DAVA,0,0,0
DAX,0,0,0
DB,0,0,0
DBA,0,0,0
DBAW,0,0,0
DBB,0,0,0
DBC,0,0,0
DBCP,0,0,0
DBD,0,0,0
DBE,0,0,0
DBEF,0,0,0
DBEH,0,0,0
DBEM,0,0,0
DBEU,0,0,0
DBEZ,0,0,0
DBGR,0,0,0
DBI,0,0,0
DBJP,0,0,0
DBL,0,0,0
DBLV,0,0,0
DBMF,0,0,0
DBO,0,0,0
DBOEY,0,0,0
DBP,0,0,0
DBS,0,0,0
DBSDY,0,0,0
DBV,0,0,0
DBX,0,0,0
DCAR,0,0,0
DCF,0,0,0
DCHF,0,0,0
DCI,0,0,0
DCMYY,0,0,0
DCO,0,0,0
DCOM,0,0,0
DCP,0,0,0
DCPH,0,0,0
DCTH,0,0,0
DDD,0,0,0
DDF,0,0,0
DDG,0,0,0
DDIV,0,0,0
DDLS,0,0,0
DDM,0,0,0
DDMX,0,0,0
DDOG,0,0,0
DDS,0,0,0
DDWM,0,0,0
DE,0,0,0
DEA,0,0,0
DEAC,0,0,0
DECK,0,0,0
DEED,0,0,0
DEEF,0,0,0
DEF,0,0,0
DEFA,0,0,0
DEI,0,0,0
DELL,0,0,0
DEM,0,0,0
DENN,0,0,0
DEO,0,0,0
DERM,0,0,0
DES,0,0,0
DESP,0,0,0
DEUR,0,0,0
DEUS,0,0,0
DEW,0,0,0
DEX,0,0,0
DFE,0,0,0
DFEB,0,0,0
DFEN,0,0,0
DFFN,0,0,0
DFIN,0,0,0
DFJ,0,0,0
DFND,0,0,0
DFNL,0,0,0
DFNS,0,0,0
DFP,0,0,0
DFPH,0,0,0
DFS,0,0,0
DFVL,0,0,0
DFVS,0,0,0
DG,0,0,0
DGAZ,0,0,0
DGBP,0,0,0
DGICA,0,0,0
DGICB,0,0,0
DGII,0,0,0
DGL,0,0,0
DGLD,0,0,0
DGP,0,0,0
DGRE,0,0,0
DGRO,0,0,0
DGRS,0,0,0
DGRW,0,0,0
DGS,0,0,0
DGT,0,0,0
DGX,0,0,0
DGZ,0,0,0
DHC,0,0,0
DHF,0,0,0
DHI,0,0,0
DHIL,0,0,0
DHR,0,0,0
DHS,0,0,0
DHT,0,0,0
DHX,0,0,0
DHY,0,0,0
DIA,0,0,0
DIAL,0,0,0
DIAX,0,0,0
DIET,0,0,0
DIFTY,0,0,0
DIG,0,0,0
DIM,0,0,0
DIN,0,0,0
DINT,0,0,0
DIOD,0,0,0
DIS,0,0,0
DISCA,0,0,0
DISCB,0,0,0
DISCK,0,0,0
DISH,0,0,0
DIT,0,0,0
DIV,0,0,0
DIVA,0,0,0
DIVB,0,0,0
DIVC,0,0,0
DIVO,0,0,0
DIVY,0,0,0
DJCB,0,0,0
DJCI,0,0,0
DJCO,0,0,0
DJD,0,0,0
DJP,0,0,0
DJPY,0,0,0
DK,0,0,0
DKILY,0,0,0
DKL,0,0,0
DKNG,0,0,0
DKS,0,0,0
DL,0,0,0
DLA,0,0,0
DLAKY,0,0,0
DLB,0,0,0
DLBR,0,0,0
DLBS,0,0,0
DLHC,0,0,0
DLN,0,0,0
DLNG,0,0,0
DLPH,0,0,0
DLPN,0,0,0
DLR,0,0,0
DLS,0,0,0
DLTH,0,0,0
DLTR,0,0,0
DLX,0,0,0
DLY,0,0,0
DM,0,0,0
DMAC,0,0,0
DMAY,0,0,0
DMB,0,0,0
DMDV,0,0,0
DMF,0,0,0
DMLP,0,0,0
DMLRY,0,0,0
DMO,0,0,0
DMRC,0,0,0
DMRE,0,0,0
DMRI,0,0,0
DMRL,0,0,0
DMRM,0,0,0
DMRS,0,0,0
DMTK,0,0,0
DMYT,0,0,0
DNHBY,0,0,0
DNI,0,0,0
DNJR,0,0,0
DNK,0,0,0
DNKEY,0,0,0
DNKN,0,0,0
DNL,0,0,0
DNLI,0,0,0
DNN,0,0,0
DNO,0,0,0
DNOV,0,0,0
DNOW,0,0,0
DNP,0,0,0
DNR,0,0,0
DNZOY,0,0,0
DOC,0,0,0
DOCU,0,0,0
DOG,0,0,0
DOGS,0,0,0
DOGZ,0,0,0
DOL,0,0,0
DOMO,0,0,0
DOO,0,0,0
DOOO,0,0,0
DOOR,0,0,0
DORM,0,0,0
DOTA,0,0,0
DOV,0,0,0
DOW,0,0,0
DOX,0,0,0
DOYU,0,0,0
DPG,0,0,0
DPHC,0,0,0
DPK,0,0,0
DPLO,0,0,0
DPSGY,0,0,0
DPST,0,0,0
DPW,0,0,0
DPZ,0,0,0
DQ,0,0,0
DQJCY,0,0,0
DRAD,0,0,0
DRD,0,0,0
DRE,0,0,0
DRH,0,0,0
DRI,0,0,0
DRIO,0,0,0
DRIP,0,0,0
DRIV,0,0,0
DRN,0,0,0
DRNA,0,0,0
DRQ,0,0,0
DRR,0,0,0
DRRX,0,0,0
DRSK,0,0,0
DRTT,0,0,0
DRV,0,0,0
DRW,0,0,0
DS,0,0,0
DSDVY,0,0,0
DSE,0,0,0
DSEEY,0,0,0
DSGX,0,0,0
DSI,0,0,0
DSKE,0,0,0
DSL,0,0,0
DSLV,0,0,0
DSM,0,0,0
DSNKY,0,0,0
DSPG,0,0,0
DSS,0,0,0
DSSI,0,0,0
DSTL,0,0,0
DSU,0,0,0
DSWL,0,0,0
DSX,0,0,0
DT,0,0,0
DTD,0,0,0
DTE,0,0,0
DTEA,0,0,0
DTEC,0,0,0
DTEGY,0,0,0
DTF,0,0,0
DTH,0,0,0
DTIL,0,0,0
DTN,0,0,0
DTO,0,0,0
DTSS,0,0,0
DTUL,0,0,0
DTUS,0,0,0
DTYL,0,0,0
DTYS,0,0,0
DUC,0,0,0
DUG,0,0,0
DUK,0,0,0
DUO,0,0,0
DUOT,0,0,0
DURA,0,0,0
DUSA,0,0,0
DUSL,0,0,0
DUST,0,0,0
DVA,0,0,0
DVAX,0,0,0
DVD,0,0,0
DVHL,0,0,0
DVLU,0,0,0
DVN,0,0,0
DVOL,0,0,0
DVOP,0,0,0
DVP,0,0,0
DVY,0,0,0
DVYA,0,0,0
DVYE,0,0,0
DVYL,0,0,0
DWAHY,0,0,0
DWAQ,0,0,0
DWAS,0,0,0
DWAT,0,0,0
DWAW,0,0,0
DWCH,0,0,0
DWCR,0,0,0
DWEQ,0,0,0
DWFI,0,0,0
DWIN,0,0,0
DWLD,0,0,0
DWM,0,0,0
DWMC,0,0,0
DWMF,0,0,0
DWPP,0,0,0
DWSH,0,0,0
DWSN,0,0,0
DWT,0,0,0
DWTR,0,0,0
DWUS,0,0,0
DWX,0,0,0
DX,0,0,0
DXC,0,0,0
DXCM,0,0,0
DXD,0,0,0
DXF,0,0,0
DXGE,0,0,0
DXJ,0,0,0
DXJS,0,0,0
DXLG,0,0,0
DXPE,0,0,0
DXR,0,0,0
DXYN,0,0,0
DY,0,0,0
DYAI,0,0,0
DYB,0,0,0
DYHG,0,0,0
DYLS,0,0,0
DYNF,0,0,0
DYNT,0,0,0
DZK,0,0,0
DZSI,0,0,0
DZZ,0,0,0
EA,0,0,0
EACQ,0,0,0
EAD,0,0,0
EADSY,0,0,0
EAF,0,0,0
EAGG,0,0,0
EARN,0,0,0
EARS,0,0,0
EASG,0,0,0
EASI,0,0,0
EAST,0,0,0
EAT,0,0,0
EB,0,0,0
EBAY,0,0,0
EBF,0,0,0
EBIX,0,0,0
EBIZ,0,0,0
EBKDY,0,0,0
EBMT,0,0,0
EBND,0,0,0
EBR.B,0,0,0
EBR,0,0,0
EBS,0,0,0
EBSB,0,0,0
EBTC,0,0,0
EC,0,0,0
ECA,0,0,0
ECC,0,0,0
ECF,0,0,0
ECH,0,0,0
ECHO,0,0,0
ECL,0,0,0
ECLN,0,0,0
ECNS,0,0,0
ECOL,0,0,0
ECOM,0,0,0
ECON,0,0,0
ECOR,0,0,0
ECOW,0,0,0
ECOZ,0,0,0
ECPG,0,0,0
ECT,0,0,0
ECYT,0,0,0
ED,0,0,0
EDC,0,0,0
EDD,0,0,0
EDEN,0,0,0
EDF,0,0,0
EDGW,0,0,0
EDI,0,0,0
EDIT,0,0,0
EDIV,0,0,0
EDN,0,0,0
EDNT,0,0,0
EDOG,0,0,0
EDOW,0,0,0
EDRY,0,0,0
EDSA,0,0,0
EDTX,0,0,0
EDU,0,0,0
EDUC,0,0,0
EDV,0,0,0
EDZ,0,0,0
EE,0,0,0
EEA,0,0,0
EEB,0,0,0
EEFT,0,0,0
EEH,0,0,0
EELV,0,0,0
EEM,0,0,0
EEMA,0,0,0
EEMD,0,0,0
EEMO,0,0,0
EEMS,0,0,0
EEMV,0,0,0
EEMX,0,0,0
EEP,0,0,0
EEQ,0,0,0
EES,0,0,0
EET,0,0,0
EEV,0,0,0
EEX,0,0,0
EFA,0,0,0
EFAD,0,0,0
EFAS,0,0,0
EFAV,0,0,0
EFAX,0,0,0
EFC,0,0,0
EFF,0,0,0
EFG,0,0,0
EFL,0,0,0
EFNL,0,0,0
EFO,0,0,0
EFOI,0,0,0
EFR,0,0,0
EFSC,0,0,0
EFT,0,0,0
EFU,0,0,0
EFV,0,0,0
EFX,0,0,0
EFZ,0,0,0
EGAN,0,0,0
EGBN,0,0,0
EGC,0,0,0
EGF,0,0,0
EGHT,0,0,0
EGIF,0,0,0
EGL,0,0,0
EGLE,0,0,0
EGO,0,0,0
EGOV,0,0,0
EGP,0,0,0
EGPT,0,0,0
EGRX,0,0,0
EGY,0,0,0
EH,0,0,0
EHC,0,0,0
EHI,0,0,0
EHT,0,0,0
EHTH,0,0,0
EIC,0,0,0
EIDO,0,0,0
EIDX,0,0,0
EIG,0,0,0
EIGI,0,0,0
EIGR,0,0,0
EIM,0,0,0
EINC,0,0,0
EIO,0,0,0
EIP,0,0,0
EIRL,0,0,0
EIS,0,0,0
EIX,0,0,0
EJAN,0,0,0
EJPRY,0,0,0
EJUL,0,0,0
EKAR,0,0,0
EKSO,0,0,0
EL,0,0,0
ELA,0,0,0
ELAN,0,0,0
ELD,0,0,0
ELF,0,0,0
ELGX,0,0,0
ELLO,0,0,0
ELMD,0,0,0
ELOX,0,0,0
ELP,0,0,0
ELS,0,0,0
ELTK,0,0,0
ELVT,0,0,0
ELY,0,0,0
EMAG,0,0,0
EMAN,0,0,0
EMB,0,0,0
EMBD,0,0,0
EMBH,0,0,0
EMCB,0,0,0
EMCF,0,0,0
EMCG,0,0,0
EMD,0,0,0
EMDV,0,0,0
EME,0,0,0
EMF,0,0,0
EMFM,0,0,0
EMGF,0,0,0
EMHY,0,0,0
EMIF,0,0,0
EMJ,0,0,0
EMKR,0,0,0
EML,0,0,0
EMLC,0,0,0
EMLP,0,0,0
EMMF,0,0,0
EMMS,0,0,0
EMN,0,0,0
EMNT,0,0,0
EMO,0,0,0
EMQQ,0,0,0
EMR,0,0,0
EMSG,0,0,0
EMSH,0,0,0
EMTL,0,0,0
EMTY,0,0,0
EMX,0,0,0
EMXC,0,0,0
ENB,0,0,0
ENBL,0,0,0
ENDP,0,0,0
ENFR,0,0,0
ENIA,0,0,0
ENIC,0,0,0
ENLC,0,0,0
ENLK,0,0,0
ENOB,0,0,0
ENOR,0,0,0
ENPH,0,0,0
ENR,0,0,0
ENS,0,0,0
ENSG,0,0,0
ENSV,0,0,0
ENT,0,0,0
ENTA,0,0,0
ENTG,0,0,0
ENTR,0,0,0
ENTX,0,0,0
ENV,0,0,0
ENVA,0,0,0
ENX,0,0,0
ENZ,0,0,0
ENZL,0,0,0
EOCCY,0,0,0
EOD,0,0,0
EOG,0,0,0
EOI,0,0,0
EOLS,0,0,0
EONGY,0,0,0
EOS,0,0,0
EOT,0,0,0
EPAC,0,0,0
EPAM,0,0,0
EPAY,0,0,0
EPC,0,0,0
EPD,0,0,0
EPHE,0,0,0
EPI,0,0,0
EPIX,0,0,0
EPM,0,0,0
EPOL,0,0,0
EPP,0,0,0
EPR,0,0,0
EPRF,0,0,0
EPRT,0,0,0
EPS,0,0,0
EPSN,0,0,0
EPU,0,0,0
EPV,0,0,0
EPZM,0,0,0
EQAL,0,0,0
EQBK,0,0,0
EQC,0,0,0
EQGP,0,0,0
EQH,0,0,0
EQIX,0,0,0
EQL,0,0,0
EQM,0,0,0
EQNR,0,0,0
EQR,0,0,0
EQRR,0,0,0
EQS,0,0,0
EQT,0,0,0
EQWL,0,0,0
EQX,0,0,0
ERA,0,0,0
ERC,0,0,0
ERF,0,0,0
ERGF,0,0,0
ERH,0,0,0
ERI,0,0,0
ERIC,0,0,0
ERIE,0,0,0
ERII,0,0,0
ERJ,0,0,0
ERM,0,0,0
EROC,0,0,0
EROS,0,0,0
ERSX,0,0,0
ERUS,0,0,0
ERX,0,0,0
ERY,0,0,0
ES,0,0,0
ESALY,0,0,0
ESBA,0,0,0
ESBK,0,0,0
ESCA,0,0,0
ESCR,0,0,0
ESE,0,0,0
ESEA,0,0,0
ESEB,0,0,0
ESG,0,0,0
ESGD,0,0,0
ESGE,0,0,0
ESGF,0,0,0
ESGG,0,0,0
ESGL,0,0,0
ESGN,0,0,0
ESGR,0,0,0
ESGS,0,0,0
ESGU,0,0,0
ESGV,0,0,0
ESGW,0,0,0
ESHY,0,0,0
ESI,0,0,0
ESIO,0,0,0
ESLT,0,0,0
ESML,0,0,0
ESNG,0,0,0
ESNT,0,0,0
ESP,0,0,0
ESPO,0,0,0
ESPR,0,0,0
ESQ,0,0,0
ESRT,0,0,0
ESRX,0,0,0
ESS,0,0,0
ESSA,0,0,0
ESSC,0,0,0
ESSYY,0,0,0
ESTA,0,0,0
ESTC,0,0,0
ESTE,0,0,0
ESTR,0,0,0
ESXB,0,0,0
ESYJY,0,0,0
ET,0,0,0
ETB,0,0,0
ETFC,0,0,0
ETG,0,0,0
ETH,0,0,0
ETHO,0,0,0
ETJ,0,0,0
ETM,0,0,0
ETN,0,0,0
ETNB,0,0,0
ETO,0,0,0
ETON,0,0,0
ETR,0,0,0
ETRN,0,0,0
ETSY,0,0,0
ETV,0,0,0
ETW,0,0,0
ETX,0,0,0
ETY,0,0,0
EUDG,0,0,0
EUDV,0,0,0
EUFL,0,0,0
EUFN,0,0,0
EUFX,0,0,0
EUM,0,0,0
EUMF,0,0,0
EUMV,0,0,0
EUO,0,0,0
EURL,0,0,0
EURN,0,0,0
EURZ,0,0,0
EUSA,0,0,0
EUSC,0,0,0
EV,0,0,0
EVA,0,0,0
EVBG,0,0,0
EVBN,0,0,0
EVC,0,0,0
EVF,0,0,0
EVFM,0,0,0
EVG,0,0,0
EVGBC,0,0,0
EVGN,0,0,0
EVH,0,0,0
EVHC,0,0,0
EVI,0,0,0
EVIX,0,0,0
EVK,0,0,0
EVLMC,0,0,0
EVLO,0,0,0
EVM,0,0,0
EVN,0,0,0
EVO,0,0,0
EVOK,0,0,0
EVOL,0,0,0
EVOP,0,0,0
EVP,0,0,0
EVR,0,0,0
EVRG,0,0,0
EVRI,0,0,0
EVSI,0,0,0
EVSTC,0,0,0
EVT,0,0,0
EVTC,0,0,0
EVV,0,0,0
EVX,0,0,0
EVY,0,0,0
EW,0,0,0
EWA,0,0,0
EWBC,0,0,0
EWC,0,0,0
EWCO,0,0,0
EWD,0,0,0
EWEM,0,0,0
EWG,0,0,0
EWGS,0,0,0
EWH,0,0,0
EWI,0,0,0
EWJ,0,0,0
EWJE,0,0,0
EWJV,0,0,0
EWK,0,0,0
EWL,0,0,0
EWM,0,0,0
EWMC,0,0,0
EWN,0,0,0
EWO,0,0,0
EWP,0,0,0
EWQ,0,0,0
EWRE,0,0,0
EWS,0,0,0
EWSC,0,0,0
EWT,0,0,0
EWU,0,0,0
EWUS,0,0,0
EWV,0,0,0
EWW,0,0,0
EWX,0,0,0
EWY,0,0,0
EWZ,0,0,0
EWZS,0,0,0
EXAS,0,0,0
EXC,0,0,0
EXD,0,0,0
EXEL,0,0,0
EXFO,0,0,0
EXG,0,0,0
EXI,0,0,0
EXIV,0,0,0
EXK,0,0,0
EXLS,0,0,0
EXP,0,0,0
EXPC,0,0,0
EXPD,0,0,0
EXPE,0,0,0
EXPGY,0,0,0
EXPI,0,0,0
EXPO,0,0,0
EXPR,0,0,0
EXR,0,0,0
EXTN,0,0,0
EXTR,0,0,0
EYEG,0,0,0
EYEN,0,0,0
EYES,0,0,0
EYLD,0,0,0
EYPT,0,0,0
EZA,0,0,0
EZJ,0,0,0
EZM,0,0,0
EZPW,0,0,0
EZU,0,0,0
F,0,0,0
FAAR,0,0,0
FAB,0,0,0
FAD,0,0,0
FAF,0,0,0
FALN,0,0,0
FAM,0,0,0
FAMI,0,0,0
FAN,0,0,0
FANG,0,0,0
FANH,0,0,0
FANUY,0,0,0
FARM,0,0,0
FARO,0,0,0
FAS,0,0,0
FAST,0,0,0
FAT,0,0,0
FATE,0,0,0
FAUG,0,0,0
FAUS,0,0,0
FAX,0,0,0
FAZ,0,0,0
FB,0,0,0
FBC,0,0,0
FBCG,0,0,0
FBCV,0,0,0
FBGX,0,0,0
FBHS,0,0,0
FBIO,0,0,0
FBIZ,0,0,0
FBK,0,0,0
FBM,0,0,0
FBMS,0,0,0
FBNC,0,0,0
FBND,0,0,0
FBNK,0,0,0
FBP,0,0,0
FBR,0,0,0
FBRX,0,0,0
FBSS,0,0,0
FBT,0,0,0
FBZ,0,0,0
FC,0,0,0
FCA,0,0,0
FCAL,0,0,0
FCAN,0,0,0
FCAP,0,0,0
FCAU,0,0,0
FCBC,0,0,0
FCBP,0,0,0
FCCO,0,0,0
FCCY,0,0,0
FCEF,0,0,0
FCEL,0,0,0
FCF,0,0,0
FCFS,0,0,0
FCG,0,0,0
FCN,0,0,0
FCNCA,0,0,0
FCO,0,0,0
FCOM,0,0,0
FCOR,0,0,0
FCPI,0,0,0
FCPT,0,0,0
FCT,0,0,0
FCTR,0,0,0
FCVT,0,0,0
FCX,0,0,0
FDBC,0,0,0
FDD,0,0,0
FDEF,0,0,0
FDEM,0,0,0
FDEU,0,0,0
FDEV,0,0,0
FDG,0,0,0
FDHY,0,0,0
FDIS,0,0,0
FDIV,0,0,0
FDL,0,0,0
FDLO,0,0,0
FDM,0,0,0
FDMO,0,0,0
FDN,0,0,0
FDNI,0,0,0
FDP,0,0,0
FDRR,0,0,0
FDS,0,0,0
FDT,0,0,0
FDTS,0,0,0
FDUS,0,0,0
FDVV,0,0,0
FDX,0,0,0
FE,0,0,0
FEAC,0,0,0
FEDU,0,0,0
FEI,0,0,0
FEIM,0,0,0
FELE,0,0,0
FEM,0,0,0
FEMB,0,0,0
FEMS,0,0,0
FEN,0,0,0
FENC,0,0,0
FENG,0,0,0
FENY,0,0,0
FEO,0,0,0
FEP,0,0,0
FERGY,0,0,0
FEUL,0,0,0
FEUZ,0,0,0
FEX,0,0,0
FEYE,0,0,0
FEZ,0,0,0
FF,0,0,0
FFA,0,0,0
FFBC,0,0,0
FFBW,0,0,0
FFC,0,0,0
FFEB,0,0,0
FFEU,0,0,0
FFG,0,0,0
FFHG,0,0,0
FFHL,0,0,0
FFIC,0,0,0
FFIN,0,0,0
FFIU,0,0,0
FFIV,0,0,0
FFKT,0,0,0
FFNW,0,0,0
FFR,0,0,0
FFSG,0,0,0
FFTG,0,0,0
FFTI,0,0,0
FFTY,0,0,0
FFWM,0,0,0
FG,0,0,0
FGB,0,0,0
FGBI,0,0,0
FGD,0,0,0
FGEN,0,0,0
FGM,0,0,0
FHB,0,0,0
FHI,0,0,0
FHK,0,0,0
FHLC,0,0,0
FHN,0,0,0
FI,0,0,0
FIBK,0,0,0
FIBR,0,0,0
FICO,0,0,0
FID,0,0,0
FIDI,0,0,0
FIDU,0,0,0
FIEE,0,0,0
FIEU,0,0,0
FIF,0,0,0
FIHD,0,0,0
FILL,0,0,0
FINS,0,0,0
FINU,0,0,0
FINV,0,0,0
FINX,0,0,0
FINZ,0,0,0
FIS,0,0,0
FISI,0,0,0
FISK,0,0,0
FISR,0,0,0
FISV,0,0,0
FIT,0,0,0
FITB,0,0,0
FITE,0,0,0
FIV,0,0,0
FIVA,0,0,0
FIVE,0,0,0
FIVG,0,0,0
FIVN,0,0,0
FIW,0,0,0
FIX,0,0,0
FIXD,0,0,0
FIXX,0,0,0
FIYY,0,0,0
FIZZ,0,0,0
FJNK,0,0,0
FJP,0,0,0
FJTSY,0,0,0
FKO,0,0,0
FKU,0,0,0
FL,0,0,0
FLAT,0,0,0
FLAU,0,0,0
FLAX,0,0,0
FLBL,0,0,0
FLBR,0,0,0
FLC,0,0,0
FLCA,0,0,0
FLCB,0,0,0
FLCH,0,0,0
FLCO,0,0,0
FLDM,0,0,0
FLDR,0,0,0
FLEE,0,0,0
FLEH,0,0,0
FLEU,0,0,0
FLEX,0,0,0
FLFR,0,0,0
FLGB,0,0,0
FLGE,0,0,0
FLGR,0,0,0
FLGT,0,0,0
FLGV,0,0,0
FLHK,0,0,0
FLHY,0,0,0
FLIA,0,0,0
FLIC,0,0,0
FLIN,0,0,0
FLIO,0,0,0
FLIR,0,0,0
FLIY,0,0,0
FLJH,0,0,0
FLJP,0,0,0
FLKR,0,0,0
FLL,0,0,0
FLLA,0,0,0
FLLC,0,0,0
FLLV,0,0,0
FLM,0,0,0
FLMB,0,0,0
FLMI,0,0,0
FLMN,0,0,0
FLMX,0,0,0
FLN,0,0,0
FLNG,0,0,0
FLNT,0,0,0
FLO,0,0,0
FLOT,0,0,0
FLOW,0,0,0
FLQD,0,0,0
FLQE,0,0,0
FLQG,0,0,0
FLQH,0,0,0
FLQL,0,0,0
FLQM,0,0,0
FLQS,0,0,0
FLR,0,0,0
FLRN,0,0,0
FLRT,0,0,0
FLRU,0,0,0
FLS,0,0,0
FLSA,0,0,0
FLSP,0,0,0
FLSW,0,0,0
FLT,0,0,0
FLTB,0,0,0
FLTR,0,0,0
FLTW,0,0,0
FLV,0,0,0
FLWS,0,0,0
FLXN,0,0,0
FLXS,0,0,0
FLYT,0,0,0
FLZA,0,0,0
FM,0,0,0
FMAO,0,0,0
FMAT,0,0,0
FMAY,0,0,0
FMB,0,0,0
FMBH,0,0,0
FMBI,0,0,0
FMC,0,0,0
FMCI,0,0,0
FMF,0,0,0
FMHI,0,0,0
FMI,0,0,0
FMIL,0,0,0
FMK,0,0,0
FMN,0,0,0
FMNB,0,0,0
FMO,0,0,0
FMS,0,0,0
FMX,0,0,0
FMY,0,0,0
FN,0,0,0
FNB,0,0,0
FNCB,0,0,0
FNCF,0,0,0
FNCL,0,0,0
FND,0,0,0
FNDA,0,0,0
FNDB,0,0,0
FNDC,0,0,0
FNDE,0,0,0
FNDF,0,0,0
FNDX,0,0,0
FNF,0,0,0
FNGD,0,0,0
FNGO,0,0,0
FNGS,0,0,0
FNGU,0,0,0
FNGZ,0,0,0
FNHC,0,0,0
FNI,0,0,0
FNJN,0,0,0
FNK,0,0,0
FNKO,0,0,0
FNLC,0,0,0
FNOV,0,0,0
FNV,0,0,0
FNWB,0,0,0
FNX,0,0,0
FNY,0,0,0
FOCS,0,0,0
FOE,0,0,0
FOF,0,0,0
FOLD,0,0,0
FOMX,0,0,0
FONR,0,0,0
FORD,0,0,0
FORK,0,0,0
FORM,0,0,0
FORR,0,0,0
FORTY,0,0,0
FOSL,0,0,0
FOUR,0,0,0
FOVL,0,0,0
FOX,0,0,0
FOXA,0,0,0
FOXF,0,0,0
FPA,0,0,0
FPAC,0,0,0
FPAY,0,0,0
FPE,0,0,0
FPEI,0,0,0
FPF,0,0,0
FPH,0,0,0
FPI,0,0,0
FPL,0,0,0
FPRX,0,0,0
FPX,0,0,0
FPXE,0,0,0
FPXI,0,0,0
FQAL,0,0,0
FQVLF,0,0,0
FR,0,0,0
FRA,0,0,0
FRAF,0,0,0
FRAK,0,0,0
FRAN,0,0,0
FRBA,0,0,0
FRBK,0,0,0
FRC,0,0,0
FRD,0,0,0
FRDM,0,0,0
FREL,0,0,0
FREQ,0,0,0
FRFHF,0,0,0
FRG,0,0,0
FRGI,0,0,0
FRHC,0,0,0
FRI,0,0,0
FRLG,0,0,0
FRME,0,0,0
FRN,0,0,0
FRO,0,0,0
FRPH,0,0,0
FRPT,0,0,0
FRRVY,0,0,0
FRT,0,0,0
FRTA,0,0,0
FSB,0,0,0
FSBC,0,0,0
FSBW,0,0,0
FSCT,0,0,0
FSD,0,0,0
FSEA,0,0,0
FSFG,0,0,0
FSI,0,0,0
FSK,0,0,0
FSLF,0,0,0
FSLR,0,0,0
FSLY,0,0,0
FSM,0,0,0
FSMB,0,0,0
FSMD,0,0,0
FSP,0,0,0
FSRV,0,0,0
FSS,0,0,0
FSTA,0,0,0
FSTR,0,0,0
FSUGY,0,0,0
FSV,0,0,0
FSZ,0,0,0
FT,0,0,0
FTA,0,0,0
FTAC,0,0,0
FTAG,0,0,0
FTAI,0,0,0
FTC,0,0,0
FTCH,0,0,0
FTCS,0,0,0
FTDR,0,0,0
FTEC,0,0,0
FTEK,0,0,0
FTEO,0,0,0
FTF,0,0,0
FTFT,0,0,0
FTGC,0,0,0
FTHI,0,0,0
FTI,0,0,0
FTK,0,0,0
FTLB,0,0,0
FTLS,0,0,0
FTNT,0,0,0
FTNW,0,0,0
FTR,0,0,0
FTRI,0,0,0
FTS,0,0,0
FTSD,0,0,0
FTSI,0,0,0
FTSL,0,0,0
FTSM,0,0,0
FTSV,0,0,0
FTV,0,0,0
FTXD,0,0,0
FTXG,0,0,0
FTXH,0,0,0
FTXL,0,0,0
FTXN,0,0,0
FTXO,0,0,0
FTXR,0,0,0
FUD,0,0,0
FUE,0,0,0
FUJHY,0,0,0
FUJIY,0,0,0
FUL,0,0,0
FULC,0,0,0
FULT,0,0,0
FUMB,0,0,0
FUN,0,0,0
FUNC,0,0,0
FUND,0,0,0
FUPBY,0,0,0
FUSB,0,0,0
FUT,0,0,0
FUTU,0,0,0
FUTY,0,0,0
FUV,0,0,0
FV,0,0,0
FVAL,0,0,0
FVC,0,0,0
FVCB,0,0,0
FVD,0,0,0
FVE,0,0,0
FVL,0,0,0
FVRR,0,0,0
FWDB,0,0,0
FWONA,0,0,0
FWONK,0,0,0
FWP,0,0,0
FWRD,0,0,0
FXA,0,0,0
FXB,0,0,0
FXC,0,0,0
FXCH,0,0,0
FXD,0,0,0
FXE,0,0,0
FXF,0,0,0
FXG,0,0,0
FXH,0,0,0
FXI,0,0,0
FXL,0,0,0
FXN,0,0,0
FXNC,0,0,0
FXO,0,0,0
FXP,0,0,0
FXR,0,0,0
FXS,0,0,0
FXSG,0,0,0
FXU,0,0,0
FXY,0,0,0
FXZ,0,0,0
FYC,0,0,0
FYLD,0,0,0
FYT,0,0,0
FYX,0,0,0
G,0,0,0
GAA,0,0,0
GAB,0,0,0
GABC,0,0,0
GAIA,0,0,0
GAL,0,0,0
GALT,0,0,0
GAM,0,0,0
GAME,0,0,0
GAMR,0,0,0
GAN,0,0,0
GARD,0,0,0
GARS,0,0,0
GASL,0,0,0
GASS,0,0,0
GASX,0,0,0
GATX,0,0,0
GAU,0,0,0
GAZ,0,0,0
GBAB,0,0,0
GBCI,0,0,0
GBDC,0,0,0
GBDV,0,0,0
GBF,0,0,0
GBIL,0,0,0
GBIO,0,0,0
GBL,0,0,0
GBLI,0,0,0
GBNK,0,0,0
GBOOY,0,0,0
GBR,0,0,0
GBT,0,0,0
GBUG,0,0,0
GBUY,0,0,0
GBX,0,0,0
GCAP,0,0,0
GCBC,0,0,0
GCC,0,0,0
GCE,0,0,0
GCI,0,0,0
GCO,0,0,0
GCOW,0,0,0
GCP,0,0,0
GCV,0,0,0
GD,0,0,0
GDAT,0,0,0
GDDY,0,0,0
GDEN,0,0,0
GDI,0,0,0
GDL,0,0,0
GDMA,0,0,0
GDNA,0,0,0
GDO,0,0,0
GDOT,0,0,0
GDP,0,0,0
GDS,0,0,0
GDV,0,0,0
GDVD,0,0,0
GDX,0,0,0
GDXJ,0,0,0
GDYN,0,0,0
GE,0,0,0
GEC,0,0,0
GECC,0,0,0
GEF.B,0,0,0
GEF,0,0,0
GEL,0,0,0
GELYY,0,0,0
GEM,0,0,0
GEN,0,0,0
GENC,0,0,0
GENY,0,0,0
GEO,0,0,0
GEOS,0,0,0
GER,0,0,0
GERN,0,0,0
GES,0,0,0
GEVO,0,0,0
GF,0,0,0
GFASY,0,0,0
GFED,0,0,0
GFF,0,0,0
GFI,0,0,0
GFIN,0,0,0
GFL,0,0,0
GFN,0,0,0
GFY,0,0,0
GGAL,0,0,0
GGB,0,0,0
GGG,0,0,0
GGM,0,0,0
GGN,0,0,0
GGO,0,0,0
GGP,0,0,0
GGT,0,0,0
GGZ,0,0,0
GH,0,0,0
GHC,0,0,0
GHG,0,0,0
GHII,0,0,0
GHIV,0,0,0
GHL,0,0,0
GHM,0,0,0
GHY,0,0,0
GHYB,0,0,0
GHYG,0,0,0
GIB,0,0,0
GIFI,0,0,0
GIGB,0,0,0
GIGE,0,0,0
GIGM,0,0,0
GII,0,0,0
GIII,0,0,0
GIL,0,0,0
GILD,0,0,0
GILT,0,0,0
GIM,0,0,0
GIS,0,0,0
GIX,0,0,0
GKNLY,0,0,0
GKOS,0,0,0
GL,0,0,0
GLAD,0,0,0
GLBY,0,0,0
GLBZ,0,0,0
GLCN,0,0,0
GLD,0,0,0
GLDD,0,0,0
GLDI,0,0,0
GLDM,0,0,0
GLEO,0,0,0
GLF,0,0,0
GLG,0,0,0
GLIBA,0,0,0
GLIF,0,0,0
GLIN,0,0,0
GLL,0,0,0
GLMD,0,0,0
GLNCY,0,0,0
GLNG,0,0,0
GLO,0,0,0
GLOB,0,0,0
GLOG,0,0,0
GLOP,0,0,0
GLOW,0,0,0
GLP,0,0,0
GLPEY,0,0,0
GLPG,0,0,0
GLPI,0,0,0
GLQ,0,0,0
GLRE,0,0,0
GLT,0,0,0
GLTR,0,0,0
GLU,0,0,0
GLUU,0,0,0
GLV,0,0,0
GLW,0,0,0
GLYC,0,0,0
GM,0,0,0
GMAB,0,0,0
GMAN,0,0,0
GMBL,0,0,0
GMDA,0,0,0
GME,0,0,0
GMED,0,0,0
GMF,0,0,0
GMHI,0,0,0
GMLP,0,0,0
GMO,0,0,0
GMOM,0,0,0
GMRE,0,0,0
GMS,0,0,0
GMZ,0,0,0
GNAF,0,0,0
GNBC,0,0,0
GNC,0,0,0
GNCA,0,0,0
GNE,0,0,0
GNK,0,0,0
GNL,0,0,0
GNLN,0,0,0
GNMA,0,0,0
GNMK,0,0,0
GNMX,0,0,0
GNOM,0,0,0
GNPX,0,0,0
GNR,0,0,0
GNRC,0,0,0
GNRS,0,0,0
GNSS,0,0,0
GNT,0,0,0
GNTX,0,0,0
GNTY,0,0,0
GNW,0,0,0
GOAT,0,0,0
GOAU,0,0,0
GOEX,0,0,0
GOF,0,0,0
GOGL,0,0,0
GOGO,0,0,0
GOL,0,0,0
GOLF,0,0,0
GOOG,0,0,0
GOOGL,0,0,0
GOOS,0,0,0
GORO,0,0,0
GOSS,0,0,0
GOVT,0,0,0
GPAQ,0,0,0
GPC,0,0,0
GPI,0,0,0
GPK,0,0,0
GPL,0,0,0
GPM,0,0,0
GPMT,0,0,0
GPN,0,0,0
GPOR,0,0,0
GPP,0,0,0
GPRE,0,0,0
GPRK,0,0,0
GPRO,0,0,0
GPS,0,0,0
GPT,0,0,0
GPX,0,0,0
GQRE,0,0,0
GRA,0,0,0
GRAF,0,0,0
GRAM,0,0,0
GRBK,0,0,0
GRC,0,0,0
GREK,0,0,0
GRES,0,0,0
GRF,0,0,0
GRFS,0,0,0
GRID,0,0,0
GRIF,0,0,0
GRIL,0,0,0
GRIN,0,0,0
GRMN,0,0,0
GRN,0,0,0
GRNB,0,0,0
GRNQ,0,0,0
GRNV,0,0,0
GRPN,0,0,0
GRSH,0,0,0
GRTS,0,0,0
GRTX,0,0,0
GRU,0,0,0
GRUB,0,0,0
GRVY,0,0,0
GRWG,0,0,0
GRX,0,0,0
GS,0,0,0
GSAH,0,0,0
GSB,0,0,0
GSBC,0,0,0
GSBD,0,0,0
GSC,0,0,0
GSEE,0,0,0
GSEU,0,0,0
GSEW,0,0,0
GSG,0,0,0
GSH,0,0,0
GSHD,0,0,0
GSID,0,0,0
GSIE,0,0,0
GSIT,0,0,0
GSJY,0,0,0
GSK,0,0,0
GSKY,0,0,0
GSL,0,0,0
GSLC,0,0,0
GSM,0,0,0
GSMG,0,0,0
GSP,0,0,0
GSS,0,0,0
GSSC,0,0,0
GSST,0,0,0
GSUM,0,0,0
GSUS,0,0,0
GSV,0,0,0
GSX,0,0,0
GSY,0,0,0
GT,0,0,0
GTE,0,0,0
GTEC,0,0,0
GTES,0,0,0
GTHX,0,0,0
GTIM,0,0,0
GTIP,0,0,0
GTLS,0,0,0
GTN.A,0,0,0
GTN,0,0,0
GTO,0,0,0
GTS,0,0,0
GTT,0,0,0
GTX,0,0,0
GTY,0,0,0
GTYH,0,0,0
GUDB,0,0,0
GULF,0,0,0
GUNR,0,0,0
GURE,0,0,0
GURU,0,0,0
GUSH,0,0,0
GUT,0,0,0
GV,0,0,0
GVA,0,0,0
GVAL,0,0,0
GVDNY,0,0,0
GVI,0,0,0
GVIP,0,0,0
GVP,0,0,0
GWB,0,0,0
GWGH,0,0,0
GWPH,0,0,0
GWRE,0,0,0
GWRS,0,0,0
GWW,0,0,0
GWX,0,0,0
GXC,0,0,0
GXF,0,0,0
GXG,0,0,0
GXGX,0,0,0
GXTG,0,0,0
GYLD,0,0,0
GYRO,0,0,0
GZPFY,0,0,0
H,0,0,0
HA,0,0,0
HABT,0,0,0
HACK,0,0,0
HACV,0,0,0
HACW,0,0,0
HAE,0,0,0
HAFC,0,0,0
HAHA,0,0,0
HAIL,0,0,0
HAIN,0,0,0
HAL,0,0,0
HALL,0,0,0
HALO,0,0,0
HAO,0,0,0
HAP,0,0,0
HAPP,0,0,0
HARP,0,0,0
HASI,0,0,0
HAUD,0,0,0
HAUZ,0,0,0
HAWX,0,0,0
HAYN,0,0,0
HBAN,0,0,0
HBB,0,0,0
HBCP,0,0,0
HBI,0,0,0
HBIO,0,0,0
HBM,0,0,0
HBMD,0,0,0
HBNC,0,0,0
HBP,0,0,0
HBT,0,0,0
HCA,0,0,0
HCAC,0,0,0
HCAP,0,0,0
HCAT,0,0,0
HCC,0,0,0
HCCH,0,0,0
HCCI,0,0,0
HCCO,0,0,0
HCFT,0,0,0
HCHC,0,0,0
HCI,0,0,0
HCKT,0,0,0
HCM,0,0,0
HCMLY,0,0,0
HCR,0,0,0
HCRB,0,0,0
HCRF,0,0,0
HCSG,0,0,0
HD,0,0,0
HDAW,0,0,0
HDB,0,0,0
HDEF,0,0,0
HDELY,0,0,0
HDG,0,0,0
HDGE,0,0,0
HDIV,0,0,0
HDLB,0,0,0
HDLV,0,0,0
HDMV,0,0,0
HDP,0,0,0
HDS,0,0,0
HDSN,0,0,0
HDV,0,0,0
HE,0,0,0
HEAR,0,0,0
HEBT,0,0,0
HECO,0,0,0
HEDJ,0,0,0
HEEM,0,0,0
HEES,0,0,0
HEFA,0,0,0
HEFV,0,0,0
HEI.A,0,0,0
HEI,0,0,0
HEINY,0,0,0
HELE,0,0,0
HELX,0,0,0
HEMV,0,0,0
HENOY,0,0,0
HEP,0,0,0
HEPA,0,0,0
HEQ,0,0,0
HERD,0,0,0
HERO,0,0,0
HES,0,0,0
HESM,0,0,0
HEUS,0,0,0
HEWC,0,0,0
HEWG,0,0,0
HEWI,0,0,0
HEWJ,0,0,0
HEWL,0,0,0
HEWP,0,0,0
HEWU,0,0,0
HEWW,0,0,0
HEWY,0,0,0
HEXO,0,0,0
HEZU,0,0,0
HFBL,0,0,0
HFC,0,0,0
HFFG,0,0,0
HFRO,0,0,0
HFWA,0,0,0
HFXE,0,0,0
HFXI,0,0,0
HFXJ,0,0,0
HGKGY,0,0,0
HGLB,0,0,0
HGSH,0,0,0
HGV,0,0,0
HHC,0,0,0
HHHH,0,0,0
HHR,0,0,0
HHS,0,0,0
HHYX,0,0,0
HI,0,0,0
HIBB,0,0,0
HIBL,0,0,0
HIBS,0,0,0
HIE,0,0,0
HIFS,0,0,0
HIG,0,0,0
HIHO,0,0,0
HII,0,0,0
HIIQ,0,0,0
HIL,0,0,0
HIMX,0,0,0
HIO,0,0,0
HIPR,0,0,0
HIPS,0,0,0
HIW,0,0,0
HIX,0,0,0
HJPX,0,0,0
HKIB,0,0,0
HKXCY,0,0,0
HLAL,0,0,0
HLF,0,0,0
HLG,0,0,0
HLI,0,0,0
HLIO,0,0,0
HLIT,0,0,0
HLNE,0,0,0
HLT,0,0,0
HLTH,0,0,0
HLX,0,0,0
HMC,0,0,0
HMG,0,0,0
HMI,0,0,0
HMLP,0,0,0
HMN,0,0,0
HMNF,0,0,0
HMOP,0,0,0
HMST,0,0,0
HMSY,0,0,0
HMTV,0,0,0
HMY,0,0,0
HNDL,0,0,0
HNGR,0,0,0
HNI,0,0,0
HNNA,0,0,0
HNP,0,0,0
HNRG,0,0,0
HNW,0,0,0
HOCPY,0,0,0
HOFT,0,0,0
HOG,0,0,0
HOLI,0,0,0
HOLX,0,0,0
HOMB,0,0,0
HOML,0,0,0
HOMZ,0,0,0
HON,0,0,0
HONE,0,0,0
HOOK,0,0,0
HOTH,0,0,0
HOV,0,0,0
HP,0,0,0
HPE,0,0,0
HPF,0,0,0
HPI,0,0,0
HPP,0,0,0
HPQ,0,0,0
HPR,0,0,0
HPS,0,0,0
HQBD,0,0,0
HQCL,0,0,0
HQH,0,0,0
HQI,0,0,0
HQL,0,0,0
HQY,0,0,0
HR,0,0,0
HRB,0,0,0
HRC,0,0,0
HRI,0,0,0
HRL,0,0,0
HROW,0,0,0
HRTG,0,0,0
HRTX,0,0,0
HRZN,0,0,0
HSBC,0,0,0
HSC,0,0,0
HSCZ,0,0,0
HSDT,0,0,0
HSIC,0,0,0
HSII,0,0,0
HSKA,0,0,0
HSMV,0,0,0
HSON,0,0,0
HSPX,0,0,0
HSRT,0,0,0
HST,0,0,0
HSTM,0,0,0
HSTO,0,0,0
HSY,0,0,0
HT,0,0,0
HTA,0,0,0
HTAB,0,0,0
HTBI,0,0,0
HTBK,0,0,0
HTD,0,0,0
HTEC,0,0,0
HTGC,0,0,0
HTGM,0,0,0
HTH,0,0,0
HTHIY,0,0,0
HTHT,0,0,0
HTLD,0,0,0
HTLF,0,0,0
HTRB,0,0,0
HTUS,0,0,0
HTY,0,0,0
HTZ,0,0,0
HUBB,0,0,0
HUBG,0,0,0
HUBS,0,0,0
HUD,0,0,0
HUIZ,0,0,0
HUM,0,0,0
HUN,0,0,0
HURC,0,0,0
HURN,0,0,0
HUSA,0,0,0
HUSE,0,0,0
HUSN,0,0,0
HUSV,0,0,0
HUYA,0,0,0
HVBC,0,0,0
HVRRY,0,0,0
HVT.A,0,0,0
HVT,0,0,0
HWBK,0,0,0
HWC,0,0,0
HWCC,0,0,0
HWKN,0,0,0
HWM,0,0,0
HX,0,0,0
HXL,0,0,0
HY,0,0,0
HYAC,0,0,0
HYB,0,0,0
HYD,0,0,0
HYDB,0,0,0
HYDW,0,0,0
HYEM,0,0,0
HYG,0,0,0
HYGH,0,0,0
HYGV,0,0,0
HYHG,0,0,0
HYI,0,0,0
HYLB,0,0,0
HYLD,0,0,0
HYLS,0,0,0
HYLV,0,0,0
HYMB,0,0,0
HYMC,0,0,0
HYND,0,0,0
HYPMY,0,0,0
HYRE,0,0,0
HYS,0,0,0
HYT,0,0,0
HYTR,0,0,0
HYUP,0,0,0
HYXE,0,0,0
HYXU,0,0,0
HYZD,0,0,0
HZN,0,0,0
HZNP,0,0,0
HZO,0,0,0
IAA,0,0,0
IAC,0,0,0
IAE,0,0,0
IAF,0,0,0
IAG,0,0,0
IAGG,0,0,0
IAI,0,0,0
IAK,0,0,0
IART,0,0,0
IAT,0,0,0
IAU,0,0,0
IAUF,0,0,0
IBA,0,0,0
IBB,0,0,0
IBCD,0,0,0
IBCE,0,0,0
IBCP,0,0,0
IBD,0,0,0
IBDC,0,0,0
IBDD,0,0,0
IBDL,0,0,0
IBDM,0,0,0
IBDN,0,0,0
IBDO,0,0,0
IBDP,0,0,0
IBDQ,0,0,0
IBDR,0,0,0
IBDS,0,0,0
IBDT,0,0,0
IBDU,0,0,0
IBHA,0,0,0
IBHB,0,0,0
IBHC,0,0,0
IBHD,0,0,0
IBHE,0,0,0
IBKC,0,0,0
IBKR,0,0,0
IBM,0,0,0
IBMG,0,0,0
IBMI,0,0,0
IBMJ,0,0,0
IBMK,0,0,0
IBML,0,0,0
IBMM,0,0,0
IBMN,0,0,0
IBMO,0,0,0
IBMP,0,0,0
IBMQ,0,0,0
IBN,0,0,0
IBND,0,0,0
IBOC,0,0,0
IBP,0,0,0
IBTA,0,0,0
IBTB,0,0,0
IBTD,0,0,0
IBTE,0,0,0
IBTF,0,0,0
IBTG,0,0,0
IBTH,0,0,0
IBTI,0,0,0
IBTJ,0,0,0
IBTX,0,0,0
IBUY,0,0,0
ICAD,0,0,0
ICAGY,0,0,0
ICBK,0,0,0
ICCC,0,0,0
ICCH,0,0,0
ICD,0,0,0
ICE,0,0,0
ICF,0,0,0
ICFI,0,0,0
ICHR,0,0,0
ICL,0,0,0
ICLK,0,0,0
ICLN,0,0,0
ICLR,0,0,0
ICMB,0,0,0
ICOL,0,0,0
ICON,0,0,0
ICOW,0,0,0
ICPT,0,0,0
ICSH,0,0,0
ICUI,0,0,0
ICVT,0,0,0
IDA,0,0,0
IDCBY,0,0,0
IDCC,0,0,0
IDE,0,0,0
IDEV,0,0,0
IDHD,0,0,0
IDHQ,0,0,0
IDIV,0,0,0
IDLB,0,0,0
IDLV,0,0,0
IDMO,0,0,0
IDN,0,0,0
IDNA,0,0,0
IDOG,0,0,0
IDRV,0,0,0
IDT,0,0,0
IDU,0,0,0
IDV,0,0,0
IDX,0,0,0
IDXG,0,0,0
IDXX,0,0,0
IDY,0,0,0
IDYA,0,0,0
IEA,0,0,0
IEC,0,0,0
IECS,0,0,0
IEDI,0,0,0
IEF,0,0,0
IEFA,0,0,0
IEFN,0,0,0
IEHS,0,0,0
IEI,0,0,0
IEIH,0,0,0
IEMD,0,0,0
IEME,0,0,0
IEMG,0,0,0
IEMV,0,0,0
IEO,0,0,0
IEP,0,0,0
IESC,0,0,0
IETC,0,0,0
IEUR,0,0,0
IEUS,0,0,0
IEV,0,0,0
IEX,0,0,0
IEZ,0,0,0
IFEU,0,0,0
IFF,0,0,0
IFGL,0,0,0
IFJPY,0,0,0
IFMK,0,0,0
IFN,0,0,0
IFNNY,0,0,0
IFRA,0,0,0
IFRX,0,0,0
IFS,0,0,0
IFV,0,0,0
IG,0,0,0
IGA,0,0,0
IGBH,0,0,0
IGC,0,0,0
IGD,0,0,0
IGE,0,0,0
IGEB,0,0,0
IGEM,0,0,0
IGF,0,0,0
IGHG,0,0,0
IGI,0,0,0
IGIB,0,0,0
IGIC,0,0,0
IGLB,0,0,0
IGM,0,0,0
IGMS,0,0,0
IGN,0,0,0
IGOV,0,0,0
IGR,0,0,0
IGRO,0,0,0
IGSB,0,0,0
IGT,0,0,0
IGV,0,0,0
IHAK,0,0,0
IHC,0,0,0
IHD,0,0,0
IHDG,0,0,0
IHE,0,0,0
IHF,0,0,0
IHG,0,0,0
IHI,0,0,0
IHIT,0,0,0
IHRT,0,0,0
IHT,0,0,0
IHTA,0,0,0
IHY,0,0,0
IHYD,0,0,0
IHYV,0,0,0
IID,0,0,0
IIF,0,0,0
IIGD,0,0,0
IIGV,0,0,0
III,0,0,0
IIIN,0,0,0
IIIV,0,0,0
IIM,0,0,0
IIN,0,0,0
IIPR,0,0,0
IIVI,0,0,0
IJAN,0,0,0
IJH,0,0,0
IJJ,0,0,0
IJK,0,0,0
IJR,0,0,0
IJS,0,0,0
IJT,0,0,0
IJUL,0,0,0
IKNX,0,0,0
ILF,0,0,0
ILG,0,0,0
ILMN,0,0,0
ILPT,0,0,0
ILTB,0,0,0
IMAB,0,0,0
IMAC,0,0,0
IMAX,0,0,0
IMBBY,0,0,0
IMBI,0,0,0
IMFC,0,0,0
IMFD,0,0,0
IMFI,0,0,0
IMFP,0,0,0
IMGN,0,0,0
IMH,0,0,0
IMKTA,0,0,0
IMLP,0,0,0
IMMP,0,0,0
IMMR,0,0,0
IMMU,0,0,0
IMOM,0,0,0
IMOS,0,0,0
IMPV,0,0,0
IMRA,0,0,0
IMRN,0,0,0
IMTB,0,0,0
IMTE,0,0,0
IMTM,0,0,0
IMUX,0,0,0
IMV,0,0,0
IMVT,0,0,0
IMXI,0,0,0
INAP,0,0,0
INBK,0,0,0
INCO,0,0,0
INCY,0,0,0
INDA,0,0,0
INDB,0,0,0
INDF,0,0,0
INDL,0,0,0
INDO,0,0,0
INDS,0,0,0
INDU,0,0,0
INDY,0,0,0
INF,0,0,0
INFI,0,0,0
INFN,0,0,0
INFR,0,0,0
INFU,0,0,0
INFY,0,0,0
ING,0,0,0
INGN,0,0,0
INGR,0,0,0
INKM,0,0,0
INMB,0,0,0
INMD,0,0,0
INN,0,0,0
INNL,0,0,0
INNT,0,0,0
INO,0,0,0
INOD,0,0,0
INOV,0,0,0
INPX,0,0,0
INR,0,0,0
INS,0,0,0
INSE,0,0,0
INSG,0,0,0
INSI,0,0,0
INSM,0,0,0
INSP,0,0,0
INST,0,0,0
INSU,0,0,0
INSW,0,0,0
INT,0,0,0
INTC,0,0,0
INTF,0,0,0
INTG,0,0,0
INTL,0,0,0
INTT,0,0,0
INTU,0,0,0
INTX,0,0,0
INVA,0,0,0
INVE,0,0,0
INVH,0,0,0
INVVY,0,0,0
INWK,0,0,0
INXN,0,0,0
IO,0,0,0
IONS,0,0,0
IOO,0,0,0
IOR,0,0,0
IOSP,0,0,0
IOTS,0,0,0
IOVA,0,0,0
IP,0,0,0
IPAC,0,0,0
IPAR,0,0,0
IPAY,0,0,0
IPDN,0,0,0
IPFF,0,0,0
IPG,0,0,0
IPGP,0,0,0
IPHI,0,0,0
IPHS,0,0,0
IPI,0,0,0
IPKW,0,0,0
IPO,0,0,0
IPOC,0,0,0
IPOS,0,0,0
IPV,0,0,0
IPWR,0,0,0
IQ,0,0,0
IQDE,0,0,0
IQDF,0,0,0
IQDG,0,0,0
IQDY,0,0,0
IQI,0,0,0
IQIN,0,0,0
IQLT,0,0,0
IQM,0,0,0
IQSI,0,0,0
IQSU,0,0,0
IQV,0,0,0
IR,0,0,0
IRBO,0,0,0
IRBT,0,0,0
IRCP,0,0,0
IRDM,0,0,0
IRET,0,0,0
IRIX,0,0,0
IRL,0,0,0
IRM,0,0,0
IRMD,0,0,0
IROQ,0,0,0
IRR,0,0,0
IRS,0,0,0
IRT,0,0,0
IRTC,0,0,0
IRWD,0,0,0
ISBC,0,0,0
ISCF,0,0,0
ISD,0,0,0
ISDR,0,0,0
ISDS,0,0,0
ISDX,0,0,0
ISEE,0,0,0
ISEM,0,0,0
ISHG,0,0,0
ISIG,0,0,0
ISMD,0,0,0
ISNS,0,0,0
ISR,0,0,0
ISRA,0,0,0
ISRG,0,0,0
ISSC,0,0,0
ISTB,0,0,0
ISTR,0,0,0
ISZE,0,0,0
ITA,0,0,0
ITB,0,0,0
ITCB,0,0,0
ITCI,0,0,0
ITEQ,0,0,0
ITGR,0,0,0
ITI,0,0,0
ITIC,0,0,0
ITM,0,0,0
ITMR,0,0,0
ITOCY,0,0,0
ITOT,0,0,0
ITP,0,0,0
ITRI,0,0,0
ITRM,0,0,0
ITRN,0,0,0
ITT,0,0,0
ITUB,0,0,0
ITVPY,0,0,0
ITW,0,0,0
IUS,0,0,0
IUSB,0,0,0
IUSG,0,0,0
IUSS,0,0,0
IUSV,0,0,0
IVAC,0,0,0
IVAL,0,0,0
IVC,0,0,0
IVE,0,0,0
IVES,0,0,0
IVH,0,0,0
IVLU,0,0,0
IVOG,0,0,0
IVOL,0,0,0
IVOO,0,0,0
IVOV,0,0,0
IVR,0,0,0
IVTY,0,0,0
IVV,0,0,0
IVW,0,0,0
IVZ,0,0,0
IWB,0,0,0
IWC,0,0,0
IWD,0,0,0
IWF,0,0,0
IWL,0,0,0
IWM,0,0,0
IWN,0,0,0
IWO,0,0,0
IWP,0,0,0
IWR,0,0,0
IWS,0,0,0
IWV,0,0,0
IWX,0,0,0
IWY,0,0,0
IX,0,0,0
IXC,0,0,0
IXG,0,0,0
IXJ,0,0,0
IXN,0,0,0
IXP,0,0,0
IXSE,0,0,0
IXUS,0,0,0
IYC,0,0,0
IYE,0,0,0
IYF,0,0,0
IYG,0,0,0
IYH,0,0,0
IYJ,0,0,0
IYK,0,0,0
IYLD,0,0,0
IYM,0,0,0
IYR,0,0,0
IYT,0,0,0
IYW,0,0,0
IYY,0,0,0
IYZ,0,0,0
IZEA,0,0,0
IZRL,0,0,0
J,0,0,0
JACK,0,0,0
JAGG,0,0,0
JAKK,0,0,0
JAN,0,0,0
JAPAY,0,0,0
JAX,0,0,0
JAZZ,0,0,0
JBGS,0,0,0
JBHT,0,0,0
JBL,0,0,0
JBLU,0,0,0
JBSS,0,0,0
JBT,0,0,0
JCAP,0,0,0
JCE,0,0,0
JCI,0,0,0
JCO,0,0,0
JCOM,0,0,0
JCPB,0,0,0
JCPNQ,0,0,0
JCS,0,0,0
JCTCF,0,0,0
JD,0,0,0
JDD,0,0,0
JDIV,0,0,0
JDST,0,0,0
JE,0,0,0
JEF,0,0,0
JELD,0,0,0
JEMD,0,0,0
JEPI,0,0,0
JEQ,0,0,0
JETS,0,0,0
JFIN,0,0,0
JFK,0,0,0
JFR,0,0,0
JFU,0,0,0
JG,0,0,0
JGH,0,0,0
JHAA,0,0,0
JHB,0,0,0
JHCS,0,0,0
JHEM,0,0,0
JHG,0,0,0
JHI,0,0,0
JHMA,0,0,0
JHMC,0,0,0
JHMD,0,0,0
JHME,0,0,0
JHMF,0,0,0
JHMH,0,0,0
JHMI,0,0,0
JHML,0,0,0
JHMM,0,0,0
JHMS,0,0,0
JHMT,0,0,0
JHMU,0,0,0
JHS,0,0,0
JHSC,0,0,0
JHX,0,0,0
JHY,0,0,0
JIG,0,0,0
JIGB,0,0,0
JIH,0,0,0
JILL,0,0,0
JJA,0,0,0
JJC,0,0,0
JJE,0,0,0
JJG,0,0,0
JJM,0,0,0
JJN,0,0,0
JJP,0,0,0
JJS,0,0,0
JJSF,0,0,0
JJT,0,0,0
JJU,0,0,0
JKD,0,0,0
JKE,0,0,0
JKF,0,0,0
JKG,0,0,0
JKH,0,0,0
JKHY,0,0,0
JKI,0,0,0
JKJ,0,0,0
JKK,0,0,0
JKL,0,0,0
JKS,0,0,0
JLL,0,0,0
JLS,0,0,0
JMBA,0,0,0
JMBS,0,0,0
JMEI,0,0,0
JMF,0,0,0
JMHLY,0,0,0
JMIA,0,0,0
JMIN,0,0,0
JMLP,0,0,0
JMM,0,0,0
JMOM,0,0,0
JMP,0,0,0
JMST,0,0,0
JMUB,0,0,0
JNCE,0,0,0
JNJ,0,0,0
JNK,0,0,0
JNMF,0,0,0
JNP,0,0,0
JNPR,0,0,0
JNUG,0,0,0
JO,0,0,0
JOB,0,0,0
JOBS,0,0,0
JOE,0,0,0
JOF,0,0,0
JOUT,0,0,0
JOYY,0,0,0
JP,0,0,0
JPC,0,0,0
JPED,0,0,0
JPEH,0,0,0
JPEM,0,0,0
JPEU,0,0,0
JPGB,0,0,0
JPGE,0,0,0
JPHF,0,0,0
JPHY,0,0,0
JPI,0,0,0
JPIN,0,0,0
JPLS,0,0,0
JPM,0,0,0
JPMB,0,0,0
JPME,0,0,0
JPMF,0,0,0
JPMV,0,0,0
JPN,0,0,0
JPNL,0,0,0
JPS,0,0,0
JPSE,0,0,0
JPST,0,0,0
JPT,0,0,0
JPUS,0,0,0
JPXGY,0,0,0
JPXN,0,0,0
JQC,0,0,0
JQUA,0,0,0
JRI,0,0,0
JRJC,0,0,0
JRO,0,0,0
JRS,0,0,0
JRSH,0,0,0
JRVR,0,0,0
JSD,0,0,0
JSHLY,0,0,0
JSMD,0,0,0
JSML,0,0,0
JT,0,0,0
JTA,0,0,0
JTD,0,0,0
JTPY,0,0,0
JVA,0,0,0
JVAL,0,0,0
JW.A,0,0,0
JW.B,0,0,0
JWN,0,0,0
JXI,0,0,0
JYNT,0,0,0
KAI,0,0,0
KALA,0,0,0
KALL,0,0,0
KALU,0,0,0
KALV,0,0,0
KAMN,0,0,0
KANG,0,0,0
KAOOY,0,0,0
KAPR,0,0,0
KAR,0,0,0
KARS,0,0,0
KB,0,0,0
KBA,0,0,0
KBAL,0,0,0
KBCSY,0,0,0
KBE,0,0,0
KBH,0,0,0
KBLM,0,0,0
KBR,0,0,0
KBSF,0,0,0
KBWB,0,0,0
KBWD,0,0,0
KBWP,0,0,0
KBWR,0,0,0
KBWY,0,0,0
KC,0,0,0
KCCB,0,0,0
KCDMY,0,0,0
KCE,0,0,0
KCNY,0,0,0
KDDIY,0,0,0
KDFI,0,0,0
KDMN,0,0,0
KDP,0,0,0
KE,0,0,0
KED,0,0,0
KELYA,0,0,0
KELYB,0,0,0
KEM,0,0,0
KEMQ,0,0,0
KEMX,0,0,0
KEN,0,0,0
KEP,0,0,0
KEQU,0,0,0
KERN,0,0,0
KEX,0,0,0
KEY,0,0,0
KEYS,0,0,0
KF,0,0,0
KFFB,0,0,0
KFRC,0,0,0
KFS,0,0,0
KFY,0,0,0
KFYP,0,0,0
KGC,0,0,0
KGFHY,0,0,0
KGJI,0,0,0
KGRN,0,0,0
KHC,0,0,0
KIDS,0,0,0
KIE,0,0,0
KIM,0,0,0
KIN,0,0,0
KINS,0,0,0
KIO,0,0,0
KIQ,0,0,0
KIRK,0,0,0
KJAN,0,0,0
KKR,0,0,0
KLAC,0,0,0
KLCD,0,0,0
KLDO,0,0,0
KLDW,0,0,0
KLIC,0,0,0
KLR,0,0,0
KLXE,0,0,0
KLXI,0,0,0
KMB,0,0,0
KMDA,0,0,0
KMED,0,0,0
KMF,0,0,0
KMI,0,0,0
KMPH,0,0,0
KMPR,0,0,0
KMT,0,0,0
KMTUY,0,0,0
KMX,0,0,0
KN,0,0,0
KNAB,0,0,0
KNBWY,0,0,0
KNDI,0,0,0
KNG,0,0,0
KNL,0,0,0
KNOP,0,0,0
KNSA,0,0,0
KNSL,0,0,0
KNX,0,0,0
KNYJY,0,0,0
KO,0,0,0
KOCT,0,0,0
KOD,0,0,0
KODK,0,0,0
KOF,0,0,0
KOIN,0,0,0
KOKU,0,0,0
KOL,0,0,0
KOLD,0,0,0
KOMP,0,0,0
KOP,0,0,0
KOPN,0,0,0
KOR,0,0,0
KORP,0,0,0
KORU,0,0,0
KOS,0,0,0
KOSS,0,0,0
KPCPY,0,0,0
KPTI,0,0,0
KR,0,0,0
KRA,0,0,0
KRC,0,0,0
KRE,0,0,0
KREF,0,0,0
KRG,0,0,0
KRKR,0,0,0
KRMA,0,0,0
KRMD,0,0,0
KRNT,0,0,0
KRNY,0,0,0
KRO,0,0,0
KROS,0,0,0
KRP,0,0,0
KRTX,0,0,0
KRUS,0,0,0
KRYS,0,0,0
KS,0,0,0
KSA,0,0,0
KSCD,0,0,0
KSM,0,0,0
KSS,0,0,0
KSU,0,0,0
KT,0,0,0
KTB,0,0,0
KTCC,0,0,0
KTF,0,0,0
KTOS,0,0,0
KTOV,0,0,0
KURA,0,0,0
KURE,0,0,0
KVHI,0,0,0
KW,0,0,0
KWEB,0,0,0
KWR,0,0,0
KXI,0,0,0
KXIN,0,0,0
KYE,0,0,0
KYN,0,0,0
KYOCY,0,0,0
KZIA,0,0,0
KZMYY,0,0,0
KZR,0,0,0
L,0,0,0
LABD,0,0,0
LABU,0,0,0
LAC,0,0,0
LACK,0,0,0
LACQ,0,0,0
LAD,0,0,0
LADR,0,0,0
LAIX,0,0,0
LAKE,0,0,0
LAMR,0,0,0
LANC,0,0,0
LARK,0,0,0
LASR,0,0,0
LATN,0,0,0
LAUR,0,0,0
LAWS,0,0,0
LAZ,0,0,0
LAZY,0,0,0
LB,0,0,0
LBAI,0,0,0
LBC,0,0,0
LBDC,0,0,0
LBJ,0,0,0
LBRDA,0,0,0
LBRDK,0,0,0
LBRT,0,0,0
LBTYA,0,0,0
LBTYB,0,0,0
LBTYK,0,0,0
LBY,0,0,0
LC,0,0,0
LCA,0,0,0
LCI,0,0,0
LCII,0,0,0
LCM,0,0,0
LCNB,0,0,0
LCR,0,0,0
LCTX,0,0,0
LCUT,0,0,0
LD,0,0,0
LDEM,0,0,0
LDL,0,0,0
LDOS,0,0,0
LDP,0,0,0
LDRI,0,0,0
LDRS,0,0,0
LDSF,0,0,0
LDUR,0,0,0
LE,0,0,0
LEA,0,0,0
LEAD,0,0,0
LEAF,0,0,0
LECO,0,0,0
LEDS,0,0,0
LEE,0,0,0
LEG,0,0,0
LEGH,0,0,0
LEGN,0,0,0
LEGR,0,0,0
LEJU,0,0,0
LEMB,0,0,0
LEN.B,0,0,0
LEN,0,0,0
LEND,0,0,0
LEO,0,0,0
LEU,0,0,0
LEVI,0,0,0
LEVL,0,0,0
LFAC,0,0,0
LFC,0,0,0
LFEQ,0,0,0
LFUS,0,0,0
LFVN,0,0,0
LGC,0,0,0
LGCY,0,0,0
LGF.A,0,0,0
LGF.B,0,0,0
LGH,0,0,0
LGI,0,0,0
LGIH,0,0,0
LGL,0,0,0
LGLV,0,0,0
LGND,0,0,0
LGOV,0,0,0
LH,0,0,0
LHC,0,0,0
LHCG,0,0,0
LHX,0,0,0
LII,0,0,0
LILA,0,0,0
LILAK,0,0,0
LIN,0,0,0
LINC,0,0,0
LIND,0,0,0
LINX,0,0,0
LIQT,0,0,0
LIT,0,0,0
LITB,0,0,0
LITE,0,0,0
LIVK,0,0,0
LIVN,0,0,0
LIVX,0,0,0
LIZI,0,0,0
LJPC,0,0,0
LK,0,0,0
LKCO,0,0,0
LKFN,0,0,0
LKM,0,0,0
LKOR,0,0,0
LKQ,0,0,0
LLESY,0,0,0
LLEX,0,0,0
LLIT,0,0,0
LLL,0,0,0
LLNW,0,0,0
LLY,0,0,0
LM,0,0,0
LMAT,0,0,0
LMB,0,0,0
LMBS,0,0,0
LMFA,0,0,0
LMLB,0,0,0
LMLP,0,0,0
LMNL,0,0,0
LMNR,0,0,0
LMNX,0,0,0
LMPX,0,0,0
LMRK,0,0,0
LMST,0,0,0
LMT,0,0,0
LN,0,0,0
LNC,0,0,0
LND,0,0,0
LNDC,0,0,0
LNG,0,0,0
LNGR,0,0,0
LNN,0,0,0
LNSTY,0,0,0
LNT,0,0,0
LNTH,0,0,0
LOAC,0,0,0
LOAK,0,0,0
LOB,0,0,0
LOCO,0,0,0
LODE,0,0,0
LOGC,0,0,0
LOGI,0,0,0
LOGM,0,0,0
LOMA,0,0,0
LONE,0,0,0
LOPE,0,0,0
LORL,0,0,0
LOUP,0,0,0
LOV,0,0,0
LOWC,0,0,0
LPCN,0,0,0
LPG,0,0,0
LPI,0,0,0
LPL,0,0,0
LPLA,0,0,0
LPRO,0,0,0
LPSN,0,0,0
LPT,0,0,0
LPTH,0,0,0
LPTX,0,0,0
LPX,0,0,0
LQD,0,0,0
LQDA,0,0,0
LQDH,0,0,0
LQDI,0,0,0
LQDT,0,0,0
LRCX,0,0,0
LRET,0,0,0
LRGE,0,0,0
LRGF,0,0,0
LRMR,0,0,0
LRN,0,0,0
LRNZ,0,0,0
LSAC,0,0,0
LSAF,0,0,0
LSBK,0,0,0
LSCC,0,0,0
LSI,0,0,0
LSLT,0,0,0
LSST,0,0,0
LSTR,0,0,0
LSXMA,0,0,0
LSXMB,0,0,0
LSXMK,0,0,0
LTBR,0,0,0
LTC,0,0,0
LTHM,0,0,0
LTL,0,0,0
LTM,0,0,0
LTPZ,0,0,0
LTRN,0,0,0
LTRPA,0,0,0
LTRPB,0,0,0
LTRX,0,0,0
LTS,0,0,0
LUB,0,0,0
LUKOY,0,0,0
LULU,0,0,0
LUMO,0,0,0
LUNA,0,0,0
LUV,0,0,0
LVGO,0,0,0
LVHB,0,0,0
LVHD,0,0,0
LVHE,0,0,0
LVHI,0,0,0
LVL,0,0,0
LVS,0,0,0
LVUS,0,0,0
LW,0,0,0
LWAY,0,0,0
LX,0,0,0
LXFR,0,0,0
LXP,0,0,0
LXRX,0,0,0
LXU,0,0,0
LYB,0,0,0
LYG,0,0,0
LYL,0,0,0
LYRA,0,0,0
LYTS,0,0,0
LYV,0,0,0
LZAGY,0,0,0
LZB,0,0,0
MA,0,0,0
MAA,0,0,0
MAAX,0,0,0
MAC,0,0,0
MACK,0,0,0
MAG,0,0,0
MAGA,0,0,0
MAGS,0,0,0
MAIN,0,0,0
MAKSY,0,0,0
MAN,0,0,0
MANH,0,0,0
MANT,0,0,0
MANU,0,0,0
MAR,0,0,0
MARA,0,0,0
MARB,0,0,0
MARK,0,0,0
MARPS,0,0,0
MAS,0,0,0
MASI,0,0,0
MAT,0,0,0
MATF,0,0,0
MATW,0,0,0
MATX,0,0,0
MAURY,0,0,0
MAV,0,0,0
MAXR,0,0,0
MAYS,0,0,0
MBB,0,0,0
MBCN,0,0,0
MBI,0,0,0
MBII,0,0,0
MBIN,0,0,0
MBIO,0,0,0
MBOT,0,0,0
MBRX,0,0,0
MBSD,0,0,0
MBT,0,0,0
MBUU,0,0,0
MBWM,0,0,0
MC,0,0,0
MCA,0,0,0
MCB,0,0,0
MCBC,0,0,0
MCBS,0,0,0
MCC,0,0,0
MCD,0,0,0
MCEF,0,0,0
MCEP,0,0,0
MCF,0,0,0
MCFT,0,0,0
MCHI,0,0,0
MCHP,0,0,0
MCHX,0,0,0
MCI,0,0,0
MCK,0,0,0
MCMJ,0,0,0
MCN,0,0,0
MCO,0,0,0
MCR,0,0,0
MCRB,0,0,0
MCRI,0,0,0
MCRO,0,0,0
MCS,0,0,0
MCY,0,0,0
MD,0,0,0
MDB,0,0,0
MDC,0,0,0
MDCA,0,0,0
MDGL,0,0,0
MDIA,0,0,0
MDIV,0,0,0
MDJH,0,0,0
MDLA,0,0,0
MDLY,0,0,0
MDLZ,0,0,0
MDP,0,0,0
MDR,0,0,0
MDRR,0,0,0
MDRX,0,0,0
MDT,0,0,0
MDU,0,0,0
MDWD,0,0,0
MDY,0,0,0
MDYG,0,0,0
MDYV,0,0,0
MEAR,0,0,0
MEC,0,0,0
MED,0,0,0
MEDP,0,0,0
MEDS,0,0,0
MEET,0,0,0
MEGEF,0,0,0
MEI,0,0,0
MEIP,0,0,0
MELI,0,0,0
MEN,0,0,0
MEOH,0,0,0
MERC,0,0,0
MESA,0,0,0
MESO,0,0,0
MET,0,0,0
METC,0,0,0
METX,0,0,0
MEXX,0,0,0
MFA,0,0,0
MFAC,0,0,0
MFC,0,0,0
MFD,0,0,0
MFDX,0,0,0
MFEM,0,0,0
MFG,0,0,0
MFGP,0,0,0
MFH,0,0,0
MFIN,0,0,0
MFL,0,0,0
MFM,0,0,0
MFMS,0,0,0
MFNC,0,0,0
MFSF,0,0,0
MFT,0,0,0
MFUS,0,0,0
MFV,0,0,0
MG,0,0,0
MGA,0,0,0
MGC,0,0,0
MGEE,0,0,0
MGEN,0,0,0
MGF,0,0,0
MGI,0,0,0
MGIC,0,0,0
MGK,0,0,0
MGLN,0,0,0
MGM,0,0,0
MGNX,0,0,0
MGP,0,0,0
MGPI,0,0,0
MGRC,0,0,0
MGTA,0,0,0
MGTX,0,0,0
MGU,0,0,0
MGV,0,0,0
MGY,0,0,0
MGYR,0,0,0
MHD,0,0,0
MHE,0,0,0
MHF,0,0,0
MHGVY,0,0,0
MHH,0,0,0
MHI,0,0,0
MHK,0,0,0
MHLD,0,0,0
MHN,0,0,0
MHO,0,0,0
MIC,0,0,0
MICR,0,0,0
MICT,0,0,0
MIDD,0,0,0
MIDF,0,0,0
MIDU,0,0,0
MIDZ,0,0,0
MIE,0,0,0
MIELY,0,0,0
MIK,0,0,0
MILN,0,0,0
MIME,0,0,0
MIN,0,0,0
MINC,0,0,0
MINI,0,0,0
MINT,0,0,0
MIRM,0,0,0
MIST,0,0,0
MITEY,0,0,0
MITK,0,0,0
MITO,0,0,0
MITSY,0,0,0
MITT,0,0,0
MIXT,0,0,0
MIY,0,0,0
MJ,0,0,0
MJCO,0,0,0
MJJ,0,0,0
MJO,0,0,0
MKC,0,0,0
MKC.V,0,0,0
MKD,0,0,0
MKGI,0,0,0
MKL,0,0,0
MKSI,0,0,0
MKTAY,0,0,0
MKTX,0,0,0
MLAB,0,0,0
MLCO,0,0,0
MLHR,0,0,0
MLI,0,0,0
MLM,0,0,0
MLN,0,0,0
MLND,0,0,0
MLNX,0,0,0
MLP,0,0,0
MLPA,0,0,0
MLPB,0,0,0
MLPC,0,0,0
MLPE,0,0,0
MLPG,0,0,0
MLPI,0,0,0
MLPO,0,0,0
MLPQ,0,0,0
MLPR,0,0,0
MLPX,0,0,0
MLPY,0,0,0
MLPZ,0,0,0
MLR,0,0,0
MLSS,0,0,0
MLTI,0,0,0
MLVF,0,0,0
MMAC,0,0,0
MMC,0,0,0
MMD,0,0,0
MMI,0,0,0
MMIN,0,0,0
MMIT,0,0,0
MMLP,0,0,0
MMM,0,0,0
MMP,0,0,0
MMS,0,0,0
MMSI,0,0,0
MMT,0,0,0
MMTM,0,0,0
MMU,0,0,0
MMV,0,0,0
MMX,0,0,0
MMYT,0,0,0
MN,0,0,0
MNA,0,0,0
MNCL,0,0,0
MNDO,0,0,0
MNE,0,0,0
MNI,0,0,0
MNK,0,0,0
MNKD,0,0,0
MNLO,0,0,0
MNOV,0,0,0
MNP,0,0,0
MNPR,0,0,0
MNR,0,0,0
MNRL,0,0,0
MNRO,0,0,0
MNSB,0,0,0
MNST,0,0,0
MNTA,0,0,0
MNTX,0,0,0
MO,0,0,0
MOAT,0,0,0
MOBL,0,0,0
MOD,0,0,0
MODN,0,0,0
MOFG,0,0,0
MOG.A,0,0,0
MOG.B,0,0,0
MOGO,0,0,0
MOGU,0,0,0
MOH,0,0,0
MOHO,0,0,0
MOMO,0,0,0
MONOY,0,0,0
MOO,0,0,0
MOR,0,0,0
MORF,0,0,0
MORL,0,0,0
MORN,0,0,0
MORT,0,0,0
MOS,0,0,0
MOSC,0,0,0
MOSY,0,0,0
MOTI,0,0,0
MOTO,0,0,0
MOTS,0,0,0
MOV,0,0,0
MOXC,0,0,0
MPA,0,0,0
MPAA,0,0,0
MPB,0,0,0
MPC,0,0,0
MPLX,0,0,0
MPV,0,0,0
MPVD,0,0,0
MPW,0,0,0
MPWR,0,0,0
MPX,0,0,0
MQBKY,0,0,0
MQT,0,0,0
MQY,0,0,0
MR,0,0,0
MRAAY,0,0,0
MRAM,0,0,0
MRBK,0,0,0
MRC,0,0,0
MRCC,0,0,0
MRCY,0,0,0
MREO,0,0,0
MRGR,0,0,0
MRIC,0,0,0
MRIN,0,0,0
MRK,0,0,0
MRKR,0,0,0
MRLN,0,0,0
MRNA,0,0,0
MRNS,0,0,0
MRO,0,0,0
MRRL,0,0,0
MRSN,0,0,0
MRTN,0,0,0
MRTX,0,0,0
MRUS,0,0,0
MRVL,0,0,0
MRWSY,0,0,0
MS,0,0,0
MSA,0,0,0
MSADY,0,0,0
MSB,0,0,0
MSBF,0,0,0
MSBI,0,0,0
MSC,0,0,0
MSCI,0,0,0
MSD,0,0,0
MSEX,0,0,0
MSFT,0,0,0
MSGE,0,0,0
MSGN,0,0,0
MSGS,0,0,0
MSI,0,0,0
MSM,0,0,0
MSN,0,0,0
MSON,0,0,0
MSP,0,0,0
MSTR,0,0,0
MSUS,0,0,0
MSVB,0,0,0
MSVX,0,0,0
MT,0,0,0
MTA,0,0,0
MTB,0,0,0
MTBC,0,0,0
MTC,0,0,0
MTCH,0,0,0
MTD,0,0,0
MTDR,0,0,0
MTEM,0,0,0
MTEX,0,0,0
MTG,0,0,0
MTGE,0,0,0
MTGP,0,0,0
MTH,0,0,0
MTL-,0,0,0
MTL,0,0,0
MTLS,0,0,0
MTN,0,0,0
MTNB,0,0,0
MTNOY,0,0,0
MTOR,0,0,0
MTP,0,0,0
MTR,0,0,0
MTRN,0,0,0
MTSC,0,0,0
MTSI,0,0,0
MTT,0,0,0
MTUM,0,0,0
MTW,0,0,0
MTX,0,0,0
MTZ,0,0,0
MTZPY,0,0,0
MU,0,0,0
MUA,0,0,0
MUB,0,0,0
MUC,0,0,0
MUDS,0,0,0
MUE,0,0,0
MUFG,0,0,0
MUH,0,0,0
MUI,0,0,0
MUJ,0,0,0
MUNI,0,0,0
MUR,0,0,0
MURGY,0,0,0
MUS,0,0,0
MUSA,0,0,0
MUST,0,0,0
MUTE,0,0,0
MUX,0,0,0
MVBF,0,0,0
MVC,0,0,0
MVF,0,0,0
MVIN,0,0,0
MVO,0,0,0
MVRL,0,0,0
MVT,0,0,0
MVV,0,0,0
MWA,0,0,0
MWK,0,0,0
MX,0,0,0
MXC,0,0,0
MXDE,0,0,0
MXDU,0,0,0
MXE,0,0,0
MXF,0,0,0
MXI,0,0,0
MXIM,0,0,0
MXL,0,0,0
MYC,0,0,0
MYD,0,0,0
MYE,0,0,0
MYF,0,0,0
MYFW,0,0,0
MYGN,0,0,0
MYI,0,0,0
MYJ,0,0,0
MYL,0,0,0
MYN,0,0,0
MYO,0,0,0
MYOK,0,0,0
MYOS,0,0,0
MYOV,0,0,0
MYRG,0,0,0
MYSZ,0,0,0
MYT,0,0,0
MYY,0,0,0
MZA,0,0,0
MZDAY,0,0,0
MZF,0,0,0
MZOR,0,0,0
MZZ,0,0,0
NABZY,0,0,0
NAC,0,0,0
NACP,0,0,0
NAD,0,0,0
NAII,0,0,0
NAIL,0,0,0
NAKD,0,0,0
NAN,0,0,0
NANR,0,0,0
NAO,0,0,0
NAOV,0,0,0
NAP,0,0,0
NAPR,0,0,0
NARI,0,0,0
NAT,0,0,0
NATH,0,0,0
NATI,0,0,0
NATR,0,0,0
NAV,0,0,0
NAVB,0,0,0
NAVI,0,0,0
NAZ,0,0,0
NBAC,0,0,0
NBB,0,0,0
NBEV,0,0,0
NBH,0,0,0
NBHC,0,0,0
NBIX,0,0,0
NBL,0,0,0
NBLX,0,0,0
NBN,0,0,0
NBO,0,0,0
NBR,0,0,0
NBSE,0,0,0
NBTB,0,0,0
NBW,0,0,0
NBY,0,0,0
NC,0,0,0
NCA,0,0,0
NCB,0,0,0
NCBS,0,0,0
NCLH,0,0,0
NCMGY,0,0,0
NCMI,0,0,0
NCNA,0,0,0
NCR,0,0,0
NCSM,0,0,0
NCTY,0,0,0
NCV,0,0,0
NCZ,0,0,0
NDAQ,0,0,0
NDEKY,0,0,0
NDLS,0,0,0
NDP,0,0,0
NDRA,0,0,0
NDSN,0,0,0
NE,0,0,0
NEA,0,0,0
NEAR,0,0,0
NEBU,0,0,0
NEE,0,0,0
NEM,0,0,0
NEN,0,0,0
NEO,0,0,0
NEOG,0,0,0
NEON,0,0,0
NEOS,0,0,0
NEP,0,0,0
NEPH,0,0,0
NEPT,0,0,0
NERD,0,0,0
NERV,0,0,0
NES,0,0,0
NESR,0,0,0
NET,0,0,0
NETE,0,0,0
NETL,0,0,0
NEU,0,0,0
NEV,0,0,0
NEWA,0,0,0
NEWR,0,0,0
NEWT,0,0,0
NEX,0,0,0
NEXA,0,0,0
NFBK,0,0,0
NFE,0,0,0
NFG,0,0,0
NFH,0,0,0
NFIN,0,0,0
NFJ,0,0,0
NFLT,0,0,0
NFLX,0,0,0
NFO,0,0,0
NFRA,0,0,0
NFTY,0,0,0
NG,0,0,0
NGD,0,0,0
NGE,0,0,0
NGG,0,0,0
NGHC,0,0,0
NGL,0,0,0
NGM,0,0,0
NGS,0,0,0
NGVC,0,0,0
NGVT,0,0,0
NH,0,0,0
NHA,0,0,0
NHC,0,0,0
NHF,0,0,0
NHI,0,0,0
NHLD,0,0,0
NHS,0,0,0
NHTC,0,0,0
NHYDY,0,0,0
NI,0,0,0
NIB,0,0,0
NICE,0,0,0
NICK,0,0,0
NID,0,0,0
NIE,0,0,0
NIFE,0,0,0
NILSY,0,0,0
NIM,0,0,0
NINE,0,0,0
NIO,0,0,0
NIQ,0,0,0
NIU,0,0,0
NJAN,0,0,0
NJDCY,0,0,0
NJR,0,0,0
NJV,0,0,0
NK,0,0,0
NKE,0,0,0
NKG,0,0,0
NKLA,0,0,0
NKSH,0,0,0
NKTR,0,0,0
NKX,0,0,0
NL,0,0,0
NLNK,0,0,0
NLOK,0,0,0
NLR,0,0,0
NLS,0,0,0
NLSN,0,0,0
NLTX,0,0,0
NLY,0,0,0
NM,0,0,0
NMCI,0,0,0
NMCO,0,0,0
NMFC,0,0,0
NMI,0,0,0
NMIH,0,0,0
NML,0,0,0
NMM,0,0,0
NMR,0,0,0
NMRD,0,0,0
NMRK,0,0,0
NMS,0,0,0
NMT,0,0,0
NMTR,0,0,0
NMY,0,0,0
NMZ,0,0,0
NNA,0,0,0
NNBR,0,0,0
NNDM,0,0,0
NNGRY,0,0,0
NNI,0,0,0
NNN,0,0,0
NNVC,0,0,0
NNY,0,0,0
NOA,0,0,0
NOAH,0,0,0
NOBL,0,0,0
NOC,0,0,0
NOCT,0,0,0
NODK,0,0,0
NOG,0,0,0
NOM,0,0,0
NOMD,0,0,0
NORW,0,0,0
NOV,0,0,0
NOVA,0,0,0
NOVS,0,0,0
NOVT,0,0,0
NP,0,0,0
NPA,0,0,0
NPK,0,0,0
NPN,0,0,0
NPO,0,0,0
NPSNY,0,0,0
NPTN,0,0,0
NPV,0,0,0
NQP,0,0,0
NR,0,0,0
NRBO,0,0,0
NRC,0,0,0
NREF,0,0,0
NRG,0,0,0
NRGD,0,0,0
NRGO,0,0,0
NRGU,0,0,0
NRGX,0,0,0
NRGZ,0,0,0
NRIM,0,0,0
NRK,0,0,0
NRO,0,0,0
NRP,0,0,0
NRT,0,0,0
NRZ,0,0,0
NS,0,0,0
NSA,0,0,0
NSANY,0,0,0
NSC,0,0,0
NSCO,0,0,0
NSIT,0,0,0
NSL,0,0,0
NSM,0,0,0
NSP,0,0,0
NSPR,0,0,0
NSRGY,0,0,0
NSSC,0,0,0
NSTG,0,0,0
NSYS,0,0,0
NTAP,0,0,0
NTB,0,0,0
NTCO,0,0,0
NTCT,0,0,0
NTDOY,0,0,0
NTES,0,0,0
NTG,0,0,0
NTGN,0,0,0
NTGR,0,0,0
NTIC,0,0,0
NTIP,0,0,0
NTLA,0,0,0
NTN,0,0,0
NTNX,0,0,0
NTP,0,0,0
NTR,0,0,0
NTRA,0,0,0
NTRP,0,0,0
NTRS,0,0,0
NTSX,0,0,0
NTTYY,0,0,0
NTUS,0,0,0
NTWK,0,0,0
NTX,0,0,0
NUAG,0,0,0
NUAN,0,0,0
NUBD,0,0,0
NUDM,0,0,0
NUE,0,0,0
NUEM,0,0,0
NUGT,0,0,0
NUHY,0,0,0
NULC,0,0,0
NULG,0,0,0
NULV,0,0,0
NUM,0,0,0
NUMG,0,0,0
NUMV,0,0,0
NUO,0,0,0
NURE,0,0,0
NURO,0,0,0
NUS,0,0,0
NUSA,0,0,0
NUSC,0,0,0
NUSI,0,0,0
NUV,0,0,0
NUVA,0,0,0
NUW,0,0,0
NVAX,0,0,0
NVCN,0,0,0
NVCR,0,0,0
NVDA,0,0,0
NVEC,0,0,0
NVEE,0,0,0
NVFY,0,0,0
NVG,0,0,0
NVGS,0,0,0
NVIV,0,0,0
NVMI,0,0,0
NVO,0,0,0
NVR,0,0,0
NVRO,0,0,0
NVS,0,0,0
NVST,0,0,0
NVT,0,0,0
NVTA,0,0,0
NVUS,0,0,0
NVZMY,0,0,0
NWBI,0,0,0
NWE,0,0,0
NWFL,0,0,0
NWGI,0,0,0
NWHM,0,0,0
NWL,0,0,0
NWLI,0,0,0
NWN,0,0,0
NWPX,0,0,0
NWS,0,0,0
NWSA,0,0,0
NX,0,0,0
NXC,0,0,0
NXE,0,0,0
NXEO,0,0,0
NXEOU,0,0,0
NXGN,0,0,0
NXJ,0,0,0
NXN,0,0,0
NXP,0,0,0
NXPI,0,0,0
NXQ,0,0,0
NXR,0,0,0
NXRT,0,0,0
NXST,0,0,0
NXTC,0,0,0
NXTD,0,0,0
NXTG,0,0,0
NYCB,0,0,0
NYF,0,0,0
NYH,0,0,0
NYMT,0,0,0
NYMX,0,0,0
NYRT,0,0,0
NYT,0,0,0
NYV,0,0,0
NZF,0,0,0
O,0,0,0
OAC,0,0,0
OAS,0,0,0
OASI,0,0,0
OBCI,0,0,0
OBE,0,0,0
OBLG,0,0,0
OBLN,0,0,0
OBNK,0,0,0
OBOR,0,0,0
OBSV,0,0,0
OC,0,0,0
OCC,0,0,0
OCCI,0,0,0
OCFC,0,0,0
OCFT,0,0,0
OCGN,0,0,0
OCIO,0,0,0
OCN,0,0,0
OCPNY,0,0,0
OCSI,0,0,0
OCSL,0,0,0
OCUL,0,0,0
OCX,0,0,0
ODC,0,0,0
ODFL,0,0,0
ODP,0,0,0
ODT,0,0,0
OEC,0,0,0
OEF,0,0,0
OEG,0,0,0
OESX,0,0,0
OEUR,0,0,0
OFC,0,0,0
OFED,0,0,0
OFG,0,0,0
OFIX,0,0,0
OFLX,0,0,0
OFS,0,0,0
OGCP,0,0,0
OGE,0,0,0
OGI,0,0,0
OGIG,0,0,0
OGS,0,0,0
OGZPY,0,0,0
OHI,0,0,0
OHRP,0,0,0
OI,0,0,0
OIA,0,0,0
OIBR.C,0,0,0
OIH,0,0,0
OII,0,0,0
OIIL,0,0,0
OIIM,0,0,0
OIL,0,0,0
OILD,0,0,0
OILK,0,0,0
OILU,0,0,0
OILX,0,0,0
OIS,0,0,0
OISHY,0,0,0
OKE,0,0,0
OKTA,0,0,0
OLD,0,0,0
OLED,0,0,0
OLEM,0,0,0
OLLI,0,0,0
OLN,0,0,0
OLP,0,0,0
OMAB,0,0,0
OMC,0,0,0
OMCL,0,0,0
OMER,0,0,0
OMEX,0,0,0
OMF,0,0,0
OMFL,0,0,0
OMFS,0,0,0
OMI,0,0,0
OMN,0,0,0
OMOM,0,0,0
OMP,0,0,0
OMRNY,0,0,0
ONB,0,0,0
ONCS,0,0,0
ONCT,0,0,0
ONCY,0,0,0
ONDK,0,0,0
ONEM,0,0,0
ONEO,0,0,0
ONEQ,0,0,0
ONEV,0,0,0
ONEW,0,0,0
ONEY,0,0,0
ONLN,0,0,0
ONP,0,0,0
ONTL,0,0,0
ONTO,0,0,0
ONVO,0,0,0
OOMA,0,0,0
OPB,0,0,0
OPBK,0,0,0
OPCH,0,0,0
OPER,0,0,0
OPES,0,0,0
OPGN,0,0,0
OPHC,0,0,0
OPI,0,0,0
OPNT,0,0,0
OPOF,0,0,0
OPP,0,0,0
OPRA,0,0,0
OPRT,0,0,0
OPRX,0,0,0
OPTN,0,0,0
OPTT,0,0,0
OPY,0,0,0
OQAL,0,0,0
ORA,0,0,0
ORBC,0,0,0
ORC,0,0,0
ORCC,0,0,0
ORCL,0,0,0
ORG,0,0,0
ORGO,0,0,0
ORGS,0,0,0
ORI,0,0,0
ORIC,0,0,0
ORKLY,0,0,0
ORLY,0,0,0
ORMP,0,0,0
ORN,0,0,0
ORRF,0,0,0
ORSN,0,0,0
ORTX,0,0,0
OSB,0,0,0
OSBC,0,0,0
OSCV,0,0,0
OSG,0,0,0
OSIS,0,0,0
OSIZ,0,0,0
OSK,0,0,0
OSMT,0,0,0
OSN,0,0,0
OSPN,0,0,0
OSTK,0,0,0
OSUR,0,0,0
OSW,0,0,0
OTEL,0,0,0
OTEX,0,0,0
OTIC,0,0,0
OTIS,0,0,0
OTSKY,0,0,0
OTTR,0,0,0
OTTW,0,0,0
OUNZ,0,0,0
OUSA,0,0,0
OUSM,0,0,0
OVB,0,0,0
OVBC,0,0,0
OVCHY,0,0,0
OVF,0,0,0
OVID,0,0,0
OVL,0,0,0
OVLU,0,0,0
OVLY,0,0,0
OVM,0,0,0
OVOL,0,0,0
OVS,0,0,0
OVV,0,0,0
OXBR,0,0,0
OXFD,0,0,0
OXLC,0,0,0
OXM,0,0,0
OXSQ,0,0,0
OXY,0,0,0
OYLD,0,0,0
OYST,0,0,0
OZK,0,0,0
PAA,0,0,0
PAAC,0,0,0
PAAS,0,0,0
PAC,0,0,0
PACA,0,0,0
PACB,0,0,0
PACD,0,0,0
PACK,0,0,0
PACQ,0,0,0
PACW,0,0,0
PAE,0,0,0
PAG,0,0,0
PAGP,0,0,0
PAGS,0,0,0
PAH,0,0,0
PAHC,0,0,0
PAI,0,0,0
PAK,0,0,0
PALL,0,0,0
PAM,0,0,0
PANL,0,0,0
PANW,0,0,0
PAPR,0,0,0
PAR,0,0,0
PARR,0,0,0
PASG,0,0,0
PASS,0,0,0
PATI,0,0,0
PATK,0,0,0
PAUG,0,0,0
PAVE,0,0,0
PAVM,0,0,0
PAWZ,0,0,0
PAYC,0,0,0
PAYS,0,0,0
PAYX,0,0,0
PB,0,0,0
PBA,0,0,0
PBBI,0,0,0
PBCT,0,0,0
PBD,0,0,0
PBDM,0,0,0
PBE,0,0,0
PBEE,0,0,0
PBF,0,0,0
PBFS,0,0,0
PBFX,0,0,0
PBH,0,0,0
PBHC,0,0,0
PBI,0,0,0
PBIP,0,0,0
PBJ,0,0,0
PBND,0,0,0
PBP,0,0,0
PBPB,0,0,0
PBR.A,0,0,0
PBR,0,0,0
PBS,0,0,0
PBSFY,0,0,0
PBSK,0,0,0
PBSM,0,0,0
PBT,0,0,0
PBTP,0,0,0
PBTS,0,0,0
PBUS,0,0,0
PBW,0,0,0
PBYI,0,0,0
PCAR,0,0,0
PCB,0,0,0
PCEF,0,0,0
PCF,0,0,0
PCG,0,0,0
PCH,0,0,0
PCI,0,0,0
PCK,0,0,0
PCM,0,0,0
PCN,0,0,0
PCOM,0,0,0
PCPL,0,0,0
PCQ,0,0,0
PCRFY,0,0,0
PCRX,0,0,0
PCSB,0,0,0
PCTI,0,0,0
PCTY,0,0,0
PCVX,0,0,0
PCY,0,0,0
PCYG,0,0,0
PCYO,0,0,0
PD,0,0,0
PDBC,0,0,0
PDCE,0,0,0
PDCO,0,0,0
PDD,0,0,0
PDEC,0,0,0
PDEV,0,0,0
PDEX,0,0,0
PDFS,0,0,0
PDI,0,0,0
PDLB,0,0,0
PDLI,0,0,0
PDM,0,0,0
PDN,0,0,0
PDP,0,0,0
PDS,0,0,0
PDSB,0,0,0
PDYPY,0,0,0
PE,0,0,0
PEAK,0,0,0
PEB,0,0,0
PEBK,0,0,0
PEBO,0,0,0
PECK,0,0,0
PED,0,0,0
PEG,0,0,0
PEGA,0,0,0
PEGI,0,0,0
PEI,0,0,0
PEIX,0,0,0
PEJ,0,0,0
PEN,0,0,0
PENN,0,0,0
PEO,0,0,0
PEP,0,0,0
PER,0,0,0
PERI,0,0,0
PERY,0,0,0
PESI,0,0,0
PETQ,0,0,0
PETS,0,0,0
PETZ,0,0,0
PETZC,0,0,0
PEX,0,0,0
PEXL,0,0,0
PEY,0,0,0
PEYUF,0,0,0
PEZ,0,0,0
PFBC,0,0,0
PFBI,0,0,0
PFD,0,0,0
PFE,0,0,0
PFEB,0,0,0
PFF,0,0,0
PFFA,0,0,0
PFFD,0,0,0
PFFL,0,0,0
PFFR,0,0,0
PFG,0,0,0
PFGC,0,0,0
PFHD,0,0,0
PFI,0,0,0
PFIE,0,0,0
PFIG,0,0,0
PFIN,0,0,0
PFIS,0,0,0
PFL,0,0,0
PFLD,0,0,0
PFLT,0,0,0
PFM,0,0,0
PFMT,0,0,0
PFN,0,0,0
PFNX,0,0,0
PFO,0,0,0
PFPT,0,0,0
PFS,0,0,0
PFSI,0,0,0
PFSW,0,0,0
PFXF,0,0,0
PG,0,0,0
PGAL,0,0,0
PGC,0,0,0
PGEN,0,0,0
PGF,0,0,0
PGHY,0,0,0
PGJ,0,0,0
PGM,0,0,0
PGNX,0,0,0
PGNY,0,0,0
PGP,0,0,0
PGR,0,0,0
PGRE,0,0,0
PGTI,0,0,0
PGX,0,0,0
PGZ,0,0,0
PH,0,0,0
PHAS,0,0,0
PHAT,0,0,0
PHB,0,0,0
PHCF,0,0,0
PHD,0,0,0
PHDG,0,0,0
PHG,0,0,0
PHGE,0,0,0
PHI,0,0,0
PHIO,0,0,0
PHK,0,0,0
PHM,0,0,0
PHO,0,0,0
PHR,0,0,0
PHT,0,0,0
PHX,0,0,0
PHYL,0,0,0
PHYS,0,0,0
PI,0,0,0
PIC,0,0,0
PICB,0,0,0
PICK,0,0,0
PICO,0,0,0
PID,0,0,0
PIE,0,0,0
PIH,0,0,0
PII,0,0,0
PILL,0,0,0
PIM,0,0,0
PIN,0,0,0
PINC,0,0,0
PINE,0,0,0
PING,0,0,0
PINS,0,0,0
PIO,0,0,0
PIPR,0,0,0
PIR,0,0,0
PIRS,0,0,0
PIXY,0,0,0
PIZ,0,0,0
PJAN,0,0,0
PJP,0,0,0
PJT,0,0,0
PJUL,0,0,0
PJUN,0,0,0
PK,0,0,0
PKB,0,0,0
PKBK,0,0,0
PKD,0,0,0
PKD~,0,0,0
PKE,0,0,0
PKG,0,0,0
PKI,0,0,0
PKO,0,0,0
PKOH,0,0,0
PKW,0,0,0
PKX,0,0,0
PLAB,0,0,0
PLAG,0,0,0
PLAN,0,0,0
PLAT,0,0,0
PLBC,0,0,0
PLC,0,0,0
PLCE,0,0,0
PLCY,0,0,0
PLD,0,0,0
PLG,0,0,0
PLIN,0,0,0
PLL,0,0,0
PLM,0,0,0
PLMR,0,0,0
PLNT,0,0,0
PLOW,0,0,0
PLPC,0,0,0
PLRX,0,0,0
PLSE,0,0,0
PLT,0,0,0
PLTM,0,0,0
PLUG,0,0,0
PLUS,0,0,0
PLW,0,0,0
PLX,0,0,0
PLXP,0,0,0
PLXS,0,0,0
PLYA,0,0,0
PLYM,0,0,0
PMAR,0,0,0
PMAY,0,0,0
PMBC,0,0,0
PMD,0,0,0
PME,0,0,0
PMF,0,0,0
PML,0,0,0
PMM,0,0,0
PMO,0,0,0
PMOM,0,0,0
PMPT,0,0,0
PMR,0,0,0
PMT,0,0,0
PMTS,0,0,0
PMX,0,0,0
PNBK,0,0,0
PNC,0,0,0
PNF,0,0,0
PNFP,0,0,0
PNGAY,0,0,0
PNI,0,0,0
PNK,0,0,0
PNM,0,0,0
PNNT,0,0,0
PNOV,0,0,0
PNQI,0,0,0
PNR,0,0,0
PNRG,0,0,0
PNRL,0,0,0
PNTG,0,0,0
PNW,0,0,0
POAHY,0,0,0
POAI,0,0,0
POCT,0,0,0
PODD,0,0,0
POL,0,0,0
POLA,0,0,0
POOL,0,0,0
POPE,0,0,0
POR,0,0,0
POTX,0,0,0
POWI,0,0,0
POWL,0,0,0
PPA,0,0,0
PPBI,0,0,0
PPC,0,0,0
PPD,0,0,0
PPDM,0,0,0
PPEM,0,0,0
PPERY,0,0,0
PPG,0,0,0
PPH,0,0,0
PPHI,0,0,0
PPIH,0,0,0
PPL,0,0,0
PPLC,0,0,0
PPLN,0,0,0
PPLT,0,0,0
PPMC,0,0,0
PPR,0,0,0
PPSC,0,0,0
PPSI,0,0,0
PPT,0,0,0
PPTY,0,0,0
PQG,0,0,0
PQIN,0,0,0
PQLC,0,0,0
PQSG,0,0,0
PQSV,0,0,0
PRA,0,0,0
PRAA,0,0,0
PRAH,0,0,0
PRCP,0,0,0
PRDO,0,0,0
PREF,0,0,0
PRF,0,0,0
PRFT,0,0,0
PRFZ,0,0,0
PRGO,0,0,0
PRGS,0,0,0
PRGX,0,0,0
PRI,0,0,0
PRIM,0,0,0
PRK,0,0,0
PRLB,0,0,0
PRMW,0,0,0
PRNB,0,0,0
PRNT,0,0,0
PRO,0,0,0
PROF,0,0,0
PROS,0,0,0
PROV,0,0,0
PRPH,0,0,0
PRPL,0,0,0
PRPO,0,0,0
PRQR,0,0,0
PRSC,0,0,0
PRSP,0,0,0
PRT,0,0,0
PRTA,0,0,0
PRTH,0,0,0
PRTK,0,0,0
PRTS,0,0,0
PRTY,0,0,0
PRU,0,0,0
PRVB,0,0,0
PRVL,0,0,0
PSA,0,0,0
PSB,0,0,0
PSC,0,0,0
PSCC,0,0,0
PSCD,0,0,0
PSCE,0,0,0
PSCF,0,0,0
PSCH,0,0,0
PSCI,0,0,0
PSCM,0,0,0
PSCT,0,0,0
PSCU,0,0,0
PSEC,0,0,0
PSEP,0,0,0
PSET,0,0,0
PSF,0,0,0
PSHG,0,0,0
PSI,0,0,0
PSJ,0,0,0
PSK,0,0,0
PSL,0,0,0
PSLV,0,0,0
PSM,0,0,0
PSMB,0,0,0
PSMC,0,0,0
PSMG,0,0,0
PSMM,0,0,0
PSMMY,0,0,0
PSMT,0,0,0
PSN,0,0,0
PSNL,0,0,0
PSO,0,0,0
PSP,0,0,0
PSQ,0,0,0
PSR,0,0,0
PST,0,0,0
PSTG,0,0,0
PSTI,0,0,0
PSTL,0,0,0
PSTV,0,0,0
PSV,0,0,0
PSX,0,0,0
PSXP,0,0,0
PTAC,0,0,0
PTBD,0,0,0
PTC,0,0,0
PTCT,0,0,0
PTE,0,0,0
PTEN,0,0,0
PTEU,0,0,0
PTF,0,0,0
PTGX,0,0,0
PTH,0,0,0
PTI,0,0,0
PTIN,0,0,0
PTLA,0,0,0
PTLC,0,0,0
PTMC,0,0,0
PTMN,0,0,0
PTN,0,0,0
PTNQ,0,0,0
PTNR,0,0,0
PTON,0,0,0
PTR,0,0,0
PTSI,0,0,0
PTVCA,0,0,0
PTVCB,0,0,0
PTY,0,0,0
PUB,0,0,0
PUI,0,0,0
PUK,0,0,0
PULM,0,0,0
PULS,0,0,0
PUTW,0,0,0
PUYI,0,0,0
PVAC,0,0,0
PVAL,0,0,0
PVBC,0,0,0
PVG,0,0,0
PVH,0,0,0
PVI,0,0,0
PVL,0,0,0
PVT,0,0,0
PW,0,0,0
PWB,0,0,0
PWC,0,0,0
PWCDF,0,0,0
PWFL,0,0,0
PWOD,0,0,0
PWR,0,0,0
PWS,0,0,0
PWV,0,0,0
PWZ,0,0,0
PXD,0,0,0
PXE,0,0,0
PXF,0,0,0
PXH,0,0,0
PXI,0,0,0
PXJ,0,0,0
PXLW,0,0,0
PXQ,0,0,0
PXS,0,0,0
PY,0,0,0
PYN,0,0,0
PYPE,0,0,0
PYPL,0,0,0
PYX,0,0,0
PYZ,0,0,0
PZA,0,0,0
PZC,0,0,0
PZD,0,0,0
PZG,0,0,0
PZN,0,0,0
PZT,0,0,0
PZZA,0,0,0
QABA,0,0,0
QADA,0,0,0
QADB,0,0,0
QAI,0,0,0
QARP,0,0,0
QAT,0,0,0
QBAK,0,0,0
QBIEY,0,0,0
QCLN,0,0,0
QCOM,0,0,0
QCP,0,0,0
QCRH,0,0,0
QD,0,0,0
QDEF,0,0,0
QDEL,0,0,0
QDF,0,0,0
QDIV,0,0,0
QDYN,0,0,0
QED,0,0,0
QEFA,0,0,0
QEMM,0,0,0
QEP,0,0,0
QES,0,0,0
QFIN,0,0,0
QGEN,0,0,0
QGRO,0,0,0
QGTA,0,0,0
QHC,0,0,0
QID,0,0,0
QINT,0,0,0
QIWI,0,0,0
QK,0,0,0
QLC,0,0,0
QLD,0,0,0
QLGN,0,0,0
QLS,0,0,0
QLTA,0,0,0
QLV,0,0,0
QLVD,0,0,0
QLVE,0,0,0
QLYS,0,0,0
QMCO,0,0,0
QMJ,0,0,0
QMN,0,0,0
QMOM,0,0,0
QNST,0,0,0
QQEW,0,0,0
QQH,0,0,0
QQQ,0,0,0
QQQE,0,0,0
QQQX,0,0,0
QQXT,0,0,0
QRFT,0,0,0
QRHC,0,0,0
QRTEA,0,0,0
QRTEB,0,0,0
QRVO,0,0,0
QSR,0,0,0
QSY,0,0,0
QTEC,0,0,0
QTNT,0,0,0
QTRX,0,0,0
QTS,0,0,0
QTT,0,0,0
QTUM,0,0,0
QTWO,0,0,0
QUAD,0,0,0
QUAL,0,0,0
QUIK,0,0,0
QUMU,0,0,0
QUOT,0,0,0
QURE,0,0,0
QUS,0,0,0
QVAL,0,0,0
QVM,0,0,0
QWLD,0,0,0
QXMI,0,0,0
QYLD,0,0,0
RA,0,0,0
RAAX,0,0,0
RAD,0,0,0
RADA,0,0,0
RAFE,0,0,0
RAIL,0,0,0
RALS,0,0,0
RAMP,0,0,0
RAND,0,0,0
RAPT,0,0,0
RARE,0,0,0
RARX,0,0,0
RAVE,0,0,0
RAVI,0,0,0
RAVN,0,0,0
RBA,0,0,0
RBB,0,0,0
RBBN,0,0,0
RBC,0,0,0
RBCAA,0,0,0
RBCN,0,0,0
RBGLY,0,0,0
RBIN,0,0,0
RBKB,0,0,0
RBNC,0,0,0
RBS,0,0,0
RBUS,0,0,0
RBZ,0,0,0
RC,0,0,0
RCD,0,0,0
RCEL,0,0,0
RCG,0,0,0
RCI,0,0,0
RCII,0,0,0
RCKT,0,0,0
RCKY,0,0,0
RCL,0,0,0
RCM,0,0,0
RCMT,0,0,0
RCON,0,0,0
RCS,0,0,0
RCUS,0,0,0
RDCM,0,0,0
RDEIY,0,0,0
RDFN,0,0,0
RDHL,0,0,0
RDI,0,0,0
RDIB,0,0,0
RDIV,0,0,0
RDN,0,0,0
RDNT,0,0,0
RDOG,0,0,0
RDS.A,0,0,0
RDS.B,0,0,0
RDSMY,0,0,0
RDUS,0,0,0
RDVT,0,0,0
RDVY,0,0,0
RDWR,0,0,0
RDY,0,0,0
RECS,0,0,0
REDU,0,0,0
REDV,0,0,0
REED,0,0,0
REEM,0,0,0
REET,0,0,0
REFA,0,0,0
REFR,0,0,0
REG,0,0,0
REGI,0,0,0
REGL,0,0,0
REGN,0,0,0
REI,0,0,0
REIS,0,0,0
REK,0,0,0
REKR,0,0,0
RELL,0,0,0
RELV,0,0,0
RELX,0,0,0
REM,0,0,0
REML,0,0,0
REMX,0,0,0
RENN,0,0,0
RENW,0,0,0
RENX,0,0,0
REPH,0,0,0
REPL,0,0,0
RES,0,0,0
RESD,0,0,0
RESE,0,0,0
RESI,0,0,0
RESN,0,0,0
RESP,0,0,0
RETA,0,0,0
RETL,0,0,0
RETO,0,0,0
REV,0,0,0
REVG,0,0,0
REVS,0,0,0
REW,0,0,0
REX,0,0,0
REXN,0,0,0
REXR,0,0,0
REYN,0,0,0
REZ,0,0,0
REZI,0,0,0
RF,0,0,0
RFAP,0,0,0
RFCI,0,0,0
RFDA,0,0,0
RFDI,0,0,0
RFEM,0,0,0
RFEU,0,0,0
RFFC,0,0,0
RFG,0,0,0
RFI,0,0,0
RFIL,0,0,0
RFL,0,0,0
RFM,0,0,0
RFP,0,0,0
RFUN,0,0,0
RFV,0,0,0
RGA,0,0,0
RGCO,0,0,0
RGEN,0,0,0
RGI,0,0,0
RGLB,0,0,0
RGLD,0,0,0
RGLS,0,0,0
RGNX,0,0,0
RGP,0,0,0
RGR,0,0,0
RGS,0,0,0
RGT,0,0,0
RHE,0,0,0
RHHBY,0,0,0
RHI,0,0,0
RHP,0,0,0
RHS,0,0,0
RIBT,0,0,0
RICK,0,0,0
RIDV,0,0,0
RIF,0,0,0
RIG,0,0,0
RIGL,0,0,0
RIGS,0,0,0
RILY,0,0,0
RINF,0,0,0
RING,0,0,0
RIO,0,0,0
RIOT,0,0,0
RISE,0,0,0
RIV,0,0,0
RIVE,0,0,0
RJA,0,0,0
RJF,0,0,0
RJI,0,0,0
RJN,0,0,0
RJZ,0,0,0
RKDA,0,0,0
RKUNY,0,0,0
RL,0,0,0
RLGT,0,0,0
RLGY,0,0,0
RLH,0,0,0
RLI,0,0,0
RLJ,0,0,0
RLJE,0,0,0
RLMD,0,0,0
RLY,0,0,0
RM,0,0,0
RMAX,0,0,0
RMBI,0,0,0
RMBS,0,0,0
RMCF,0,0,0
RMD,0,0,0
RMED,0,0,0
RMG,0,0,0
RMGN,0,0,0
RMI,0,0,0
RMM,0,0,0
RMNI,0,0,0
RMR,0,0,0
RMT,0,0,0
RMTI,0,0,0
RNA,0,0,0
RNDB,0,0,0
RNDM,0,0,0
RNDV,0,0,0
RNEM,0,0,0
RNET,0,0,0
RNG,0,0,0
RNGR,0,0,0
RNLC,0,0,0
RNMC,0,0,0
RNP,0,0,0
RNR,0,0,0
RNSC,0,0,0
RNST,0,0,0
RNWK,0,0,0
ROAD,0,0,0
ROAM,0,0,0
ROBO,0,0,0
ROBT,0,0,0
ROCH,0,0,0
ROCK,0,0,0
RODE,0,0,0
RODI,0,0,0
RODM,0,0,0
ROG,0,0,0
ROIC,0,0,0
ROK,0,0,0
ROKT,0,0,0
ROKU,0,0,0
ROL,0,0,0
ROLL,0,0,0
ROM,0,0,0
ROMO,0,0,0
ROP,0,0,0
RORE,0,0,0
ROSC,0,0,0
ROSE,0,0,0
ROST,0,0,0
ROUS,0,0,0
ROYMY,0,0,0
ROYT,0,0,0
RP,0,0,0
RPAI,0,0,0
RPAR,0,0,0
RPAY,0,0,0
RPD,0,0,0
RPG,0,0,0
RPLA,0,0,0
RPM,0,0,0
RPRX,0,0,0
RPT,0,0,0
RPUT,0,0,0
RPV,0,0,0
RQI,0,0,0
RRBI,0,0,0
RRC,0,0,0
RRGB,0,0,0
RRR,0,0,0
RRTS,0,0,0
RS,0,0,0
RSF,0,0,0
RSG,0,0,0
RSP,0,0,0
RSSS,0,0,0
RST,0,0,0
RSX,0,0,0
RSXJ,0,0,0
RTH,0,0,0
RTIX,0,0,0
RTL,0,0,0
RTLR,0,0,0
RTM,0,0,0
RTMVY,0,0,0
RTN,0,0,0
RTOKY,0,0,0
RTR,0,0,0
RTRX,0,0,0
RTTR,0,0,0
RTW,0,0,0
RTX,0,0,0
RUBI,0,0,0
RUBY,0,0,0
RUHN,0,0,0
RUSHA,0,0,0
RUSHB,0,0,0
RUSL,0,0,0
RUSS,0,0,0
RUTH,0,0,0
RVI,0,0,0
RVLV,0,0,0
RVMD,0,0,0
RVNC,0,0,0
RVNU,0,0,0
RVP,0,0,0
RVRS,0,0,0
RVSB,0,0,0
RVT,0,0,0
RWCD,0,0,0
RWDC,0,0,0
RWDE,0,0,0
RWED,0,0,0
RWEOY,0,0,0
RWGV,0,0,0
RWIU,0,0,0
RWJ,0,0,0
RWK,0,0,0
RWL,0,0,0
RWLS,0,0,0
RWM,0,0,0
RWO,0,0,0
RWR,0,0,0
RWSL,0,0,0
RWT,0,0,0
RWUI,0,0,0
RWVG,0,0,0
RWW,0,0,0
RWX,0,0,0
RXD,0,0,0
RXI,0,0,0
RXL,0,0,0
RXN,0,0,0
RY,0,0,0
RYAAY,0,0,0
RYAM,0,0,0
RYB,0,0,0
RYCE,0,0,0
RYCEY,0,0,0
RYE,0,0,0
RYF,0,0,0
RYH,0,0,0
RYI,0,0,0
RYJ,0,0,0
RYKKY,0,0,0
RYLD,0,0,0
RYN,0,0,0
RYT,0,0,0
RYTM,0,0,0
RYU,0,0,0
RYZZ,0,0,0
RZG,0,0,0
RZV,0,0,0
SA,0,0,0
SAA,0,0,0
SABR,0,0,0
SACH,0,0,0
SAEX,0,0,0
SAFM,0,0,0
SAFT,0,0,0
SAGE,0,0,0
SAGG,0,0,0
SAH,0,0,0
SAIA,0,0,0
SAIC,0,0,0
SAIL,0,0,0
SAL,0,0,0
SALT,0,0,0
SAM,0,0,0
SAMA,0,0,0
SAMG,0,0,0
SAN,0,0,0
SAND,0,0,0
SANM,0,0,0
SANW,0,0,0
SAP,0,0,0
SAQN,0,0,0
SAR,0,0,0
SASR,0,0,0
SATS,0,0,0
SAUC,0,0,0
SAVA,0,0,0
SAVE,0,0,0
SAXPY,0,0,0
SB,0,0,0
SBAC,0,0,0
SBB,0,0,0
SBBP,0,0,0
SBBX,0,0,0
SBCF,0,0,0
SBE,0,0,0
SBFG,0,0,0
SBGI,0,0,0
SBGL,0,0,0
SBH,0,0,0
SBI,0,0,0
SBIO,0,0,0
SBLK,0,0,0
SBM,0,0,0
SBNY,0,0,0
SBOW,0,0,0
SBPH,0,0,0
SBR,0,0,0
SBRA,0,0,0
SBRCY,0,0,0
SBS,0,0,0
SBSI,0,0,0
SBSW,0,0,0
SBT,0,0,0
SBUG,0,0,0
SBUX,0,0,0
SC,0,0,0
SCAP,0,0,0
SCC,0,0,0
SCCO,0,0,0
SCD,0,0,0
SCHA,0,0,0
SCHB,0,0,0
SCHC,0,0,0
SCHD,0,0,0
SCHE,0,0,0
SCHF,0,0,0
SCHG,0,0,0
SCHH,0,0,0
SCHI,0,0,0
SCHJ,0,0,0
SCHK,0,0,0
SCHL,0,0,0
SCHM,0,0,0
SCHN,0,0,0
SCHO,0,0,0
SCHP,0,0,0
SCHQ,0,0,0
SCHR,0,0,0
SCHV,0,0,0
SCHW,0,0,0
SCHX,0,0,0
SCHYY,0,0,0
SCHZ,0,0,0
SCI,0,0,0
SCID,0,0,0
SCIJ,0,0,0
SCIU,0,0,0
SCIX,0,0,0
SCJ,0,0,0
SCKT,0,0,0
SCL,0,0,0
SCM,0,0,0
SCMWY,0,0,0
SCNB,0,0,0
SCO,0,0,0
SCOM,0,0,0
SCON,0,0,0
SCOR,0,0,0
SCPE,0,0,0
SCPH,0,0,0
SCPL,0,0,0
SCS,0,0,0
SCSC,0,0,0
SCU,0,0,0
SCVL,0,0,0
SCVX,0,0,0
SCWX,0,0,0
SCX,0,0,0
SCZ,0,0,0
SD,0,0,0
SDAG,0,0,0
SDC,0,0,0
SDCI,0,0,0
SDD,0,0,0
SDEM,0,0,0
SDG,0,0,0
SDGA,0,0,0
SDGR,0,0,0
SDI,0,0,0
SDIV,0,0,0
SDOG,0,0,0
SDOW,0,0,0
SDP,0,0,0
SDPI,0,0,0
SDRL,0,0,0
SDS,0,0,0
SDVKY,0,0,0
SDVY,0,0,0
SDY,0,0,0
SDYL,0,0,0
SE,0,0,0
SEA,0,0,0
SEAC,0,0,0
SEAS,0,0,0
SEB,0,0,0
SECO,0,0,0
SECT,0,0,0
SEDG,0,0,0
SEED,0,0,0
SEEL,0,0,0
SEF,0,0,0
SEIC,0,0,0
SEIX,0,0,0
SEKEY,0,0,0
SELB,0,0,0
SELF,0,0,0
SEM,0,0,0
SEND,0,0,0
SENEA,0,0,0
SENEB,0,0,0
SENS,0,0,0
SEOAY,0,0,0
SERV,0,0,0
SES,0,0,0
SESN,0,0,0
SF,0,0,0
SFBC,0,0,0
SFBS,0,0,0
SFE,0,0,0
SFET,0,0,0
SFHY,0,0,0
SFIG,0,0,0
SFIX,0,0,0
SFL,0,0,0
SFM,0,0,0
SFNC,0,0,0
SFST,0,0,0
SFTBY,0,0,0
SFTW,0,0,0
SFUN,0,0,0
SFY,0,0,0
SFYF,0,0,0
SFYX,0,0,0
SG,0,0,0
SGA,0,0,0
SGAPY,0,0,0
SGB,0,0,0
SGBLY,0,0,0
SGC,0,0,0
SGDJ,0,0,0
SGDM,0,0,0
SGEN,0,0,0
SGG,0,0,0
SGH,0,0,0
SGLB,0,0,0
SGMA,0,0,0
SGMO,0,0,0
SGMS,0,0,0
SGOC,0,0,0
SGOL,0,0,0
SGOV,0,0,0
SGRP,0,0,0
SGRY,0,0,0
SGSOY,0,0,0
SGTPY,0,0,0
SGU,0,0,0
SH,0,0,0
SHAG,0,0,0
SHAK,0,0,0
SHBI,0,0,0
SHCAY,0,0,0
SHE,0,0,0
SHECY,0,0,0
SHEN,0,0,0
SHG,0,0,0
SHI,0,0,0
SHLL,0,0,0
SHLO,0,0,0
SHLX,0,0,0
SHM,0,0,0
SHNY,0,0,0
SHO,0,0,0
SHOO,0,0,0
SHOP,0,0,0
SHSP,0,0,0
SHV,0,0,0
SHW,0,0,0
SHY,0,0,0
SHYD,0,0,0
SHYF,0,0,0
SHYG,0,0,0
SHYL,0,0,0
SHZHY,0,0,0
SI,0,0,0
SIBN,0,0,0
SIC,0,0,0
SID,0,0,0
SIEB,0,0,0
SIEGY,0,0,0
SIEN,0,0,0
SIF,0,0,0
SIFY,0,0,0
SIG,0,0,0
SIGA,0,0,0
SIGI,0,0,0
SIJ,0,0,0
SIL,0,0,0
SILC,0,0,0
SILJ,0,0,0
SILK,0,0,0
SILV,0,0,0
SIM,0,0,0
SIMO,0,0,0
SIMS,0,0,0
SINA,0,0,0
SINO,0,0,0
SIRI,0,0,0
SITC,0,0,0
SITE,0,0,0
SITM,0,0,0
SITO,0,0,0
SIVB,0,0,0
SIVR,0,0,0
SIX,0,0,0
SIXA,0,0,0
SIXH,0,0,0
SIXL,0,0,0
SIXS,0,0,0
SIZE,0,0,0
SJ,0,0,0
SJB,0,0,0
SJI,0,0,0
SJM,0,0,0
SJNK,0,0,0
SJR,0,0,0
SJT,0,0,0
SJW,0,0,0
SKF,0,0,0
SKFRY,0,0,0
SKHHY,0,0,0
SKHSY,0,0,0
SKM,0,0,0
SKOR,0,0,0
SKT,0,0,0
SKX,0,0,0
SKY,0,0,0
SKYAY,0,0,0
SKYS,0,0,0
SKYW,0,0,0
SKYY,0,0,0
SLAB,0,0,0
SLB,0,0,0
SLCA,0,0,0
SLCT,0,0,0
SLDB,0,0,0
SLF,0,0,0
SLG,0,0,0
SLGG,0,0,0
SLGL,0,0,0
SLGN,0,0,0
SLIM,0,0,0
SLLDY,0,0,0
SLM,0,0,0
SLNO,0,0,0
SLP,0,0,0
SLQD,0,0,0
SLQT,0,0,0
SLRC,0,0,0
SLRX,0,0,0
SLT,0,0,0
SLV,0,0,0
SLVO,0,0,0
SLVP,0,0,0
SLX,0,0,0
SLY,0,0,0
SLYG,0,0,0
SLYV,0,0,0
SM,0,0,0
SMAR,0,0,0
SMB,0,0,0
SMBC,0,0,0
SMBK,0,0,0
SMCAY,0,0,0
SMCI,0,0,0
SMCP,0,0,0
SMDD,0,0,0
SMDV,0,0,0
SMDY,0,0,0
SMED,0,0,0
SMEZ,0,0,0
SMFG,0,0,0
SMFKY,0,0,0
SMG,0,0,0
SMGZY,0,0,0
SMH,0,0,0
SMHB,0,0,0
SMHD,0,0,0
SMHI,0,0,0
SMIN,0,0,0
SMIT,0,0,0
SMLF,0,0,0
SMLL,0,0,0
SMLP,0,0,0
SMLV,0,0,0
SMM,0,0,0
SMMC,0,0,0
SMMD,0,0,0
SMMF,0,0,0
SMMT,0,0,0
SMMU,0,0,0
SMMV,0,0,0
SMN,0,0,0
SMNNY,0,0,0
SMOG,0,0,0
SMP,0,0,0
SMPL,0,0,0
SMRT,0,0,0
SMSI,0,0,0
SMTC,0,0,0
SMTS,0,0,0
SMTX,0,0,0
SNA,0,0,0
SNAP,0,0,0
SNBR,0,0,0
SNCA,0,0,0
SNCR,0,0,0
SND,0,0,0
SNDE,0,0,0
SNDL,0,0,0
SNDR,0,0,0
SNDX,0,0,0
SNE,0,0,0
SNES,0,0,0
SNFCA,0,0,0
SNGX,0,0,0
SNLN,0,0,0
SNMP,0,0,0
SNMX,0,0,0
SNN,0,0,0
SNOA,0,0,0
SNP,0,0,0
SNPE,0,0,0
SNPHY,0,0,0
SNPS,0,0,0
SNR,0,0,0
SNSR,0,0,0
SNSS,0,0,0
SNUG,0,0,0
SNV,0,0,0
SNX,0,0,0
SOCL,0,0,0
SOGO,0,0,0
SOHO,0,0,0
SOHU,0,0,0
SOI,0,0,0
SOIL,0,0,0
SOLY,0,0,0
SOMLY,0,0,0
SOMMY,0,0,0
SON,0,0,0
SONA,0,0,0
SONG,0,0,0
SONM,0,0,0
SONN,0,0,0
SONO,0,0,0
SONVY,0,0,0
SOR,0,0,0
SORL,0,0,0
SOUHY,0,0,0
SOVB,0,0,0
SOXL,0,0,0
SOXS,0,0,0
SOXX,0,0,0
SOYB,0,0,0
SP,0,0,0
SPAB,0,0,0
SPAR,0,0,0
SPB,0,0,0
SPBO,0,0,0
SPCB,0,0,0
SPCE,0,0,0
SPDN,0,0,0
SPDV,0,0,0
SPDW,0,0,0
SPE,0,0,0
SPEM,0,0,0
SPEU,0,0,0
SPEX,0,0,0
SPFF,0,0,0
SPFI,0,0,0
SPG,0,0,0
SPGI,0,0,0
SPGM,0,0,0
SPGP,0,0,0
SPH,0,0,0
SPHB,0,0,0
SPHD,0,0,0
SPHQ,0,0,0
SPHS,0,0,0
SPHY,0,0,0
SPI,0,0,0
SPIB,0,0,0
SPIP,0,0,0
SPKE,0,0,0
SPKKY,0,0,0
SPLB,0,0,0
SPLG,0,0,0
SPLK,0,0,0
SPLP,0,0,0
SPLV,0,0,0
SPMB,0,0,0
SPMD,0,0,0
SPMO,0,0,0
SPMV,0,0,0
SPN,0,0,0
SPNE,0,0,0
SPNS,0,0,0
SPOK,0,0,0
SPOT,0,0,0
SPPI,0,0,0
SPPP,0,0,0
SPR,0,0,0
SPRO,0,0,0
SPRT,0,0,0
SPSB,0,0,0
SPSC,0,0,0
SPSK,0,0,0
SPSM,0,0,0
SPT,0,0,0
SPTI,0,0,0
SPTL,0,0,0
SPTM,0,0,0
SPTN,0,0,0
SPTS,0,0,0
SPUN,0,0,0
SPUS,0,0,0
SPUU,0,0,0
SPVM,0,0,0
SPVU,0,0,0
SPWH,0,0,0
SPWR,0,0,0
SPXB,0,0,0
SPXC,0,0,0
SPXCY,0,0,0
SPXE,0,0,0
SPXL,0,0,0
SPXN,0,0,0
SPXS,0,0,0
SPXT,0,0,0
SPXU,0,0,0
SPXV,0,0,0
SPXX,0,0,0
SPY,0,0,0
SPYB,0,0,0
SPYD,0,0,0
SPYG,0,0,0
SPYV,0,0,0
SPYX,0,0,0
SQ,0,0,0
SQBG,0,0,0
SQEW,0,0,0
SQLV,0,0,0
SQM,0,0,0
SQQQ,0,0,0
SR,0,0,0
SRAC,0,0,0
SRAX,0,0,0
SRC,0,0,0
SRCE,0,0,0
SRCL,0,0,0
SRDX,0,0,0
SRE,0,0,0
SRET,0,0,0
SREV,0,0,0
SRF,0,0,0
SRG,0,0,0
SRI,0,0,0
SRL,0,0,0
SRLN,0,0,0
SRLP,0,0,0
SRPT,0,0,0
SRRA,0,0,0
SRRK,0,0,0
SRS,0,0,0
SRT,0,0,0
SRTS,0,0,0
SRTY,0,0,0
SRV,0,0,0
SRVR,0,0,0
SSB,0,0,0
SSBI,0,0,0
SSD,0,0,0
SSDOY,0,0,0
SSEZY,0,0,0
SSG,0,0,0
SSI,0,0,0
SSKN,0,0,0
SSL,0,0,0
SSLY,0,0,0
SSMXY,0,0,0
SSNC,0,0,0
SSNT,0,0,0
SSO,0,0,0
SSP,0,0,0
SSPK,0,0,0
SSPY,0,0,0
SSREY,0,0,0
SSRM,0,0,0
SSSS,0,0,0
SSTI,0,0,0
SSTK,0,0,0
SSUMY,0,0,0
SSUS,0,0,0
SSW,0,0,0
SSY,0,0,0
SSYS,0,0,0
STAA,0,0,0
STAF,0,0,0
STAG,0,0,0
STAR,0,0,0
STBA,0,0,0
STBFY,0,0,0
STC,0,0,0
STCN,0,0,0
STE,0,0,0
STFC,0,0,0
STG,0,0,0
STIM,0,0,0
STIP,0,0,0
STK,0,0,0
STKL,0,0,0
STKS,0,0,0
STL,0,0,0
STLC,0,0,0
STLD,0,0,0
STLG,0,0,0
STLV,0,0,0
STM,0,0,0
STMB,0,0,0
STML,0,0,0
STMP,0,0,0
STN,0,0,0
STND,0,0,0
STNE,0,0,0
STNG,0,0,0
STOK,0,0,0
STON,0,0,0
STOR,0,0,0
STOT,0,0,0
STPP,0,0,0
STPZ,0,0,0
STRA,0,0,0
STRL,0,0,0
STRM,0,0,0
STRO,0,0,0
STRS,0,0,0
STRT,0,0,0
STSA,0,0,0
STSB,0,0,0
STT,0,0,0
STWD,0,0,0
STX,0,0,0
STXB,0,0,0
STXS,0,0,0
STZ.B,0,0,0
STZ,0,0,0
SU,0,0,0
SUBCY,0,0,0
SUHJY,0,0,0
SUI,0,0,0
SUM,0,0,0
SUMR,0,0,0
SUN,0,0,0
SUNS,0,0,0
SUP,0,0,0
SUPN,0,0,0
SUPV,0,0,0
SURF,0,0,0
SUSA,0,0,0
SUSB,0,0,0
SUSC,0,0,0
SUSL,0,0,0
SUZ,0,0,0
SVBI,0,0,0
SVC,0,0,0
SVM,0,0,0
SVMK,0,0,0
SVNDY,0,0,0
SVNLY,0,0,0
SVRA,0,0,0
SVT,0,0,0
SVU,0,0,0
SVVC,0,0,0
SVXY,0,0,0
SWAN,0,0,0
SWAV,0,0,0
SWBI,0,0,0
SWCH,0,0,0
SWDBY,0,0,0
SWGAY,0,0,0
SWI,0,0,0
SWIN,0,0,0
SWIR,0,0,0
SWK,0,0,0
SWKH,0,0,0
SWKS,0,0,0
SWM,0,0,0
SWN,0,0,0
SWRAY,0,0,0
SWTX,0,0,0
SWX,0,0,0
SWZ,0,0,0
SXC,0,0,0
SXI,0,0,0
SXT,0,0,0
SXTC,0,0,0
SY,0,0,0
SYBT,0,0,0
SYBX,0,0,0
SYE,0,0,0
SYF,0,0,0
SYG,0,0,0
SYIEY,0,0,0
SYK,0,0,0
SYKE,0,0,0
SYLD,0,0,0
SYN,0,0,0
SYNA,0,0,0
SYNC,0,0,0
SYNH,0,0,0
SYNL,0,0,0
SYNT,0,0,0
SYPR,0,0,0
SYRS,0,0,0
SYV,0,0,0
SYX,0,0,0
SYY,0,0,0
SZC,0,0,0
SZK,0,0,0
SZKMY,0,0,0
SZNE,0,0,0
TAAG,0,0,0
TAC,0,0,0
TACO,0,0,0
TACT,0,0,0
TADS,0,0,0
TAEQ,0,0,0
TAGS,0,0,0
TAIL,0,0,0
TAIT,0,0,0
TAK,0,0,0
TAL,0,0,0
TALO,0,0,0
TAN,0,0,0
TANH,0,0,0
TAO,0,0,0
TAOP,0,0,0
TAP.A,0,0,0
TAP,0,0,0
TAPR,0,0,0
TARA,0,0,0
TARO,0,0,0
TAST,0,0,0
TAT,0,0,0
TATT,0,0,0
TATYY,0,0,0
TAWK,0,0,0
TAXF,0,0,0
TAYD,0,0,0
TBBK,0,0,0
TBF,0,0,0
TBI,0,0,0
TBIO,0,0,0
TBK,0,0,0
TBLT,0,0,0
TBLU,0,0,0
TBND,0,0,0
TBNK,0,0,0
TBPH,0,0,0
TBT,0,0,0
TBX,0,0,0
TC,0,0,0
TCBI,0,0,0
TCBK,0,0,0
TCCO,0,0,0
TCDA,0,0,0
TCEHY,0,0,0
TCF,0,0,0
TCFC,0,0,0
TCHF,0,0,0
TCI,0,0,0
TCMD,0,0,0
TCO,0,0,0
TCOM,0,0,0
TCON,0,0,0
TCP,0,0,0
TCPC,0,0,0
TCRD,0,0,0
TCRR,0,0,0
TCS,0,0,0
TCTL,0,0,0
TCX,0,0,0
TDAC,0,0,0
TDC,0,0,0
TDF,0,0,0
TDG,0,0,0
TDIV,0,0,0
TDOC,0,0,0
TDS,0,0,0
TDTF,0,0,0
TDTT,0,0,0
TDV,0,0,0
TDW,0,0,0
TDY,0,0,0
TEAF,0,0,0
TEAM,0,0,0
TECB,0,0,0
TECD,0,0,0
TECH,0,0,0
TECK,0,0,0
TECL,0,0,0
TECS,0,0,0
TEDU,0,0,0
TEF,0,0,0
TEGS,0,0,0
TEI,0,0,0
TEL,0,0,0
TELA,0,0,0
TELNY,0,0,0
TEN,0,0,0
TENB,0,0,0
TEO,0,0,0
TER,0,0,0
TERP,0,0,0
TESS,0,0,0
TEUM,0,0,0
TEVA,0,0,0
TEX,0,0,0
TFC,0,0,0
TFFP,0,0,0
TFI,0,0,0
TFII,0,0,0
TFIV,0,0,0
TFLO,0,0,0
TFLT,0,0,0
TFSL,0,0,0
TFX,0,0,0
TG,0,0,0
TGA,0,0,0
TGB,0,0,0
TGC,0,0,0
TGE,0,0,0
TGEN,0,0,0
TGH,0,0,0
TGI,0,0,0
TGLS,0,0,0
TGNA,0,0,0
TGP,0,0,0
TGS,0,0,0
TGT,0,0,0
TGTX,0,0,0
THBR,0,0,0
THC,0,0,0
THCA,0,0,0
THCB,0,0,0
THCX,0,0,0
THD,0,0,0
THFF,0,0,0
THG,0,0,0
THM,0,0,0
THMO,0,0,0
THNQ,0,0,0
THOR,0,0,0
THQ,0,0,0
THR,0,0,0
THS,0,0,0
THTX,0,0,0
THW,0,0,0
TIBR,0,0,0
TIF,0,0,0
TIG,0,0,0
TIGO,0,0,0
TIGR,0,0,0
TILE,0,0,0
TILT,0,0,0
TIP,0,0,0
TIPT,0,0,0
TIPX,0,0,0
TIPZ,0,0,0
TISI,0,0,0
TITN,0,0,0
TIVO,0,0,0
TJX,0,0,0
TK,0,0,0
TKC,0,0,0
TKKS,0,0,0
TKOMY,0,0,0
TKR,0,0,0
TLC,0,0,0
TLDH,0,0,0
TLEH,0,0,0
TLF,0,0,0
TLGT,0,0,0
TLH,0,0,0
TLI,0,0,0
TLK,0,0,0
TLRA,0,0,0
TLRD,0,0,0
TLRY,0,0,0
TLSA,0,0,0
TLSNY,0,0,0
TLT,0,0,0
TLTD,0,0,0
TLTE,0,0,0
TLYS,0,0,0
TM,0,0,0
TMBR,0,0,0
TMDI,0,0,0
TMDV,0,0,0
TMDX,0,0,0
TME,0,0,0
TMF,0,0,0
TMFC,0,0,0
TMHC,0,0,0
TMO,0,0,0
TMP,0,0,0
TMQ,0,0,0
TMSNY,0,0,0
TMSR,0,0,0
TMST,0,0,0
TMUS,0,0,0
TMV,0,0,0
TNA,0,0,0
TNAV,0,0,0
TNC,0,0,0
TNDM,0,0,0
TNET,0,0,0
TNK,0,0,0
TNP,0,0,0
TOCA,0,0,0
TOELY,0,0,0
TOK,0,0,0
TOKE,0,0,0
TOL,0,0,0
TOLZ,0,0,0
TORC,0,0,0
TOTA,0,0,0
TOTL,0,0,0
TOUR,0,0,0
TOWN,0,0,0
TPAY,0,0,0
TPB,0,0,0
TPC,0,0,0
TPCO,0,0,0
TPH,0,0,0
TPHD,0,0,0
TPHS,0,0,0
TPIC,0,0,0
TPIF,0,0,0
TPL,0,0,0
TPLC,0,0,0
TPOR,0,0,0
TPR,0,0,0
TPRE,0,0,0
TPSC,0,0,0
TPTX,0,0,0
TPVG,0,0,0
TPX,0,0,0
TPYP,0,0,0
TPZ,0,0,0
TQQQ,0,0,0
TR,0,0,0
TRC,0,0,0
TRCH,0,0,0
TREC,0,0,0
TREE,0,0,0
TREX,0,0,0
TRGP,0,0,0
TRHC,0,0,0
TRI,0,0,0
TRIL,0,0,0
TRIP,0,0,0
TRMB,0,0,0
TRMD,0,0,0
TRMK,0,0,0
TRMT,0,0,0
TRN,0,0,0
TRND,0,0,0
TRNE,0,0,0
TRNO,0,0,0
TRNS,0,0,0
TRNX,0,0,0
TROV,0,0,0
TROW,0,0,0
TROX,0,0,0
TRP,0,0,0
TRPX,0,0,0
TRQ,0,0,0
TRS,0,0,0
TRST,0,0,0
TRT,0,0,0
TRTN,0,0,0
TRTX,0,0,0
TRTY,0,0,0
TRU,0,0,0
TRUE,0,0,0
TRUP,0,0,0
TRV,0,0,0
TRVG,0,0,0
TRVI,0,0,0
TRVN,0,0,0
TRWH,0,0,0
TRX,0,0,0
TRXC,0,0,0
TRYIY,0,0,0
TS,0,0,0
TSBK,0,0,0
TSC,0,0,0
TSCDY,0,0,0
TSCO,0,0,0
TSE,0,0,0
TSEM,0,0,0
TSG,0,0,0
TSI,0,0,0
TSLA,0,0,0
TSLF,0,0,0
TSLX,0,0,0
TSM,0,0,0
TSN,0,0,0
TSQ,0,0,0
TSRI,0,0,0
TSRO,0,0,0
TSU,0,0,0
TT,0,0,0
TTAC,0,0,0
TTAI,0,0,0
TTC,0,0,0
TTD,0,0,0
TTDKY,0,0,0
TTEC,0,0,0
TTEK,0,0,0
TTGT,0,0,0
TTI,0,0,0
TTM,0,0,0
TTMI,0,0,0
TTNDY,0,0,0
TTNP,0,0,0
TTP,0,0,0
TTPH,0,0,0
TTT,0,0,0
TTTN,0,0,0
TTWO,0,0,0
TU,0,0,0
TUES,0,0,0
TUFN,0,0,0
TUP,0,0,0
TUR,0,0,0
TURN,0,0,0
TUSA,0,0,0
TUSK,0,0,0
TV,0,0,0
TVIX,0,0,0
TVIZ,0,0,0
TVTY,0,0,0
TW,0,0,0
TWI,0,0,0
TWIN,0,0,0
TWLO,0,0,0
TWM,0,0,0
TWMC,0,0,0
TWN,0,0,0
TWNK,0,0,0
TWOU,0,0,0
TWST,0,0,0
TWTR,0,0,0
TX,0,0,0
TXG,0,0,0
TXMD,0,0,0
TXN,0,0,0
TXRH,0,0,0
TXT,0,0,0
TY,0,0,0
TYBS,0,0,0
TYD,0,0,0
TYG,0,0,0
TYHT,0,0,0
TYL,0,0,0
TYME,0,0,0
TYO,0,0,0
TZA,0,0,0
TZAC,0,0,0
TZOO,0,0,0
UA,0,0,0
UAA,0,0,0
UAE,0,0,0
UAG,0,0,0
UAL,0,0,0
UAMY,0,0,0
UAN,0,0,0
UAPR,0,0,0
UAUD,0,0,0
UAUG,0,0,0
UBA,0,0,0
UBCP,0,0,0
UBER,0,0,0
UBFO,0,0,0
UBG,0,0,0
UBIO,0,0,0
UBNK,0,0,0
UBOH,0,0,0
UBOT,0,0,0
UBP,0,0,0
UBR,0,0,0
UBS,0,0,0
UBSI,0,0,0
UBT,0,0,0
UBX,0,0,0
UCBA,0,0,0
UCBI,0,0,0
UCC,0,0,0
UCFC,0,0,0
UCHF,0,0,0
UCI,0,0,0
UCIB,0,0,0
UCL,0,0,0
UCO,0,0,0
UCOM,0,0,0
UCON,0,0,0
UCTT,0,0,0
UDEC,0,0,0
UDN,0,0,0
UDOW,0,0,0
UDR,0,0,0
UE,0,0,0
UEC,0,0,0
UEIC,0,0,0
UEPS,0,0,0
UEUR,0,0,0
UEVM,0,0,0
UFAB,0,0,0
UFCS,0,0,0
UFEB,0,0,0
UFI,0,0,0
UFO,0,0,0
UFPI,0,0,0
UFPT,0,0,0
UFS,0,0,0
UG,0,0,0
UGA,0,0,0
UGAZ,0,0,0
UGBP,0,0,0
UGE,0,0,0
UGI,0,0,0
UGL,0,0,0
UGLD,0,0,0
UGP,0,0,0
UHAL,0,0,0
UHN,0,0,0
UHS,0,0,0
UHT,0,0,0
UI,0,0,0
UIHC,0,0,0
UIS,0,0,0
UITB,0,0,0
UIVM,0,0,0
UJAN,0,0,0
UJB,0,0,0
UJPY,0,0,0
UJUL,0,0,0
UJUN,0,0,0
UL,0,0,0
ULBI,0,0,0
ULBR,0,0,0
ULE,0,0,0
ULH,0,0,0
ULST,0,0,0
ULTA,0,0,0
ULTR,0,0,0
ULVM,0,0,0
UMAR,0,0,0
UMAY,0,0,0
UMBF,0,0,0
UMC,0,0,0
UMDD,0,0,0
UMH,0,0,0
UMICY,0,0,0
UMPQ,0,0,0
UMRX,0,0,0
UNAM,0,0,0
UNB,0,0,0
UNF,0,0,0
UNFI,0,0,0
UNG,0,0,0
UNH,0,0,0
UNICY,0,0,0
UNIT,0,0,0
UNL,0,0,0
UNM,0,0,0
UNOV,0,0,0
UNP,0,0,0
UNT,0,0,0
UNTY,0,0,0
UNVR,0,0,0
UOCT,0,0,0
UONE,0,0,0
UONEK,0,0,0
UOVEY,0,0,0
UPLD,0,0,0
UPRO,0,0,0
UPS,0,0,0
UPV,0,0,0
UPW,0,0,0
UPWK,0,0,0
URA,0,0,0
URBN,0,0,0
URE,0,0,0
URG,0,0,0
URGN,0,0,0
URI,0,0,0
URNM,0,0,0
UROV,0,0,0
URR,0,0,0
URTH,0,0,0
URTY,0,0,0
USA,0,0,0
USAC,0,0,0
USAG,0,0,0
USAI,0,0,0
USAK,0,0,0
USAP,0,0,0
USAS,0,0,0
USAU,0,0,0
USB,0,0,0
USCI,0,0,0
USCR,0,0,0
USD,0,0,0
USDP,0,0,0
USDU,0,0,0
USDY,0,0,0
USEG,0,0,0
USEP,0,0,0
USEQ,0,0,0
USFD,0,0,0
USFR,0,0,0
USHG,0,0,0
USHY,0,0,0
USI,0,0,0
USIG,0,0,0
USIO,0,0,0
USL,0,0,0
USLB,0,0,0
USLM,0,0,0
USLV,0,0,0
USM,0,0,0
USMC,0,0,0
USMF,0,0,0
USMV,0,0,0
USNA,0,0,0
USO,0,0,0
USOI,0,0,0
USPH,0,0,0
USRT,0,0,0
USSG,0,0,0
UST,0,0,0
USTB,0,0,0
USV,0,0,0
USVM,0,0,0
USWS,0,0,0
USX,0,0,0
UTES,0,0,0
UTF,0,0,0
UTG,0,0,0
UTHR,0,0,0
UTI,0,0,0
UTL,0,0,0
UTLF,0,0,0
UTMD,0,0,0
UTRN,0,0,0
UTSI,0,0,0
UTSL,0,0,0
UTX,0,0,0
UUGRY,0,0,0
UUP,0,0,0
UUUU,0,0,0
UVE,0,0,0
UVSP,0,0,0
UVV,0,0,0
UVXY,0,0,0
UWM,0,0,0
UWT,0,0,0
UXI,0,0,0
UXIN,0,0,0
UYG,0,0,0
UYM,0,0,0
VAC,0,0,0
VAL,0,0,0
VALE,0,0,0
VALQ,0,0,0
VALT,0,0,0
VALU,0,0,0
VALX,0,0,0
VAM,0,0,0
VAMO,0,0,0
VAPO,0,0,0
VAR,0,0,0
VAW,0,0,0
VB,0,0,0
VBF,0,0,0
VBFC,0,0,0
VBIV,0,0,0
VBK,0,0,0
VBLT,0,0,0
VBND,0,0,0
VBR,0,0,0
VBTX,0,0,0
VC,0,0,0
VCEL,0,0,0
VCF,0,0,0
VCIF,0,0,0
VCIT,0,0,0
VCLT,0,0,0
VCR,0,0,0
VCRA,0,0,0
VCSH,0,0,0
VCTR,0,0,0
VCV,0,0,0
VCYT,0,0,0
VDC,0,0,0
VDE,0,0,0
VDMCY,0,0,0
VEA,0,0,0
VEC,0,0,0
VECO,0,0,0
VEDL,0,0,0
VEEV,0,0,0
VEGA,0,0,0
VEGI,0,0,0
VEGN,0,0,0
VEL,0,0,0
VEON,0,0,0
VER,0,0,0
VERB,0,0,0
VERI,0,0,0
VERO,0,0,0
VET,0,0,0
VETS,0,0,0
VEU,0,0,0
VFC,0,0,0
VFF,0,0,0
VFH,0,0,0
VFL,0,0,0
VFLQ,0,0,0
VFMF,0,0,0
VFMO,0,0,0
VFMV,0,0,0
VFQY,0,0,0
VFVA,0,0,0
VG,0,0,0
VGFO,0,0,0
VGI,0,0,0
VGIT,0,0,0
VGK,0,0,0
VGLT,0,0,0
VGM,0,0,0
VGR,0,0,0
VGSH,0,0,0
VGT,0,0,0
VGZ,0,0,0
VHC,0,0,0
VHI,0,0,0
VHT,0,0,0
VIAC,0,0,0
VIACA,0,0,0
VIAV,0,0,0
VICI,0,0,0
VICR,0,0,0
VIDI,0,0,0
VIE,0,0,0
VIG,0,0,0
VIGI,0,0,0
VIIX,0,0,0
VIIZ,0,0,0
VIOG,0,0,0
VIOO,0,0,0
VIOT,0,0,0
VIOV,0,0,0
VIPS,0,0,0
VIR,0,0,0
VIRC,0,0,0
VIRT,0,0,0
VIS,0,0,0
VIST,0,0,0
VIV,0,0,0
VIVE,0,0,0
VIVO,0,0,0
VIXM,0,0,0
VIXY,0,0,0
VJET,0,0,0
VKI,0,0,0
VKQ,0,0,0
VKTX,0,0,0
VLGEA,0,0,0
VLO,0,0,0
VLP,0,0,0
VLRS,0,0,0
VLRX,0,0,0
VLT,0,0,0
VLU,0,0,0
VLUE,0,0,0
VLVLY,0,0,0
VLY,0,0,0
VMAX,0,0,0
VMBS,0,0,0
VMC,0,0,0
VMD,0,0,0
VMI,0,0,0
VMM,0,0,0
VMO,0,0,0
VMOT,0,0,0
VMW,0,0,0
VNCE,0,0,0
VNDA,0,0,0
VNE,0,0,0
VNET,0,0,0
VNLA,0,0,0
VNM,0,0,0
VNO,0,0,0
VNOM,0,0,0
VNQ,0,0,0
VNQI,0,0,0
VNRX,0,0,0
VNTR,0,0,0
VO,0,0,0
VOC,0,0,0
VOD,0,0,0
VOE,0,0,0
VOLT,0,0,0
VONE,0,0,0
VONG,0,0,0
VONV,0,0,0
VOO,0,0,0
VOOG,0,0,0
VOOV,0,0,0
VOT,0,0,0
VOX,0,0,0
VOXX,0,0,0
VOYA,0,0,0
VPC,0,0,0
VPG,0,0,0
VPL,0,0,0
VPU,0,0,0
VPV,0,0,0
VQT,0,0,0
VRA,0,0,0
VRAI,0,0,0
VRAY,0,0,0
VRCA,0,0,0
VREX,0,0,0
VRIG,0,0,0
VRM,0,0,0
VRML,0,0,0
VRNS,0,0,0
VRNT,0,0,0
VRP,0,0,0
VRRM,0,0,0
VRS,0,0,0
VRSK,0,0,0
VRSN,0,0,0
VRT,0,0,0
VRTS,0,0,0
VRTU,0,0,0
VRTV,0,0,0
VRTX,0,0,0
VSAT,0,0,0
VSDA,0,0,0
VSEC,0,0,0
VSGX,0,0,0
VSH,0,0,0
VSL,0,0,0
VSLR,0,0,0
VSMV,0,0,0
VSS,0,0,0
VST,0,0,0
VSTM,0,0,0
VSTO,0,0,0
VT,0,0,0
VTA,0,0,0
VTC,0,0,0
VTEB,0,0,0
VTGN,0,0,0
VTHR,0,0,0
VTI,0,0,0
VTIP,0,0,0
VTIQ,0,0,0
VTN,0,0,0
VTNR,0,0,0
VTOL,0,0,0
VTR,0,0,0
VTSI,0,0,0
VTV,0,0,0
VTVT,0,0,0
VTWG,0,0,0
VTWO,0,0,0
VTWV,0,0,0
VUG,0,0,0
VUSE,0,0,0
VV,0,0,0
VVC,0,0,0
VVI,0,0,0
VVNT,0,0,0
VVPR,0,0,0
VVR,0,0,0
VVUS,0,0,0
VVV,0,0,0
VWAGY,0,0,0
VWDRY,0,0,0
VWO,0,0,0
VWOB,0,0,0
VXF,0,0,0
VXRT,0,0,0
VXUS,0,0,0
VXX,0,0,0
VXZ,0,0,0
VYGR,0,0,0
VYM,0,0,0
VYMI,0,0,0
VZ,0,0,0
WAAS,0,0,0
WAB,0,0,0
WABC,0,0,0
WAFD,0,0,0
WAFU,0,0,0
WAL,0,0,0
WARFY,0,0,0
WASH,0,0,0
WAT,0,0,0
WATT,0,0,0
WB,0,0,0
WBA,0,0,0
WBAI,0,0,0
WBAL,0,0,0
WBC,0,0,0
WBIE,0,0,0
WBIF,0,0,0
WBIG,0,0,0
WBII,0,0,0
WBIL,0,0,0
WBIN,0,0,0
WBIT,0,0,0
WBIY,0,0,0
WBK,0,0,0
WBND,0,0,0
WBS,0,0,0
WBT,0,0,0
WCC,0,0,0
WCG,0,0,0
WCHN,0,0,0
WCLD,0,0,0
WCN,0,0,0
WD,0,0,0
WDAY,0,0,0
WDC,0,0,0
WDFC,0,0,0
WDIV,0,0,0
WDR,0,0,0
WDRW,0,0,0
WEA,0,0,0
WEAT,0,0,0
WEBK,0,0,0
WEBL,0,0,0
WEBS,0,0,0
WEC,0,0,0
WEGRY,0,0,0
WEI,0,0,0
WEICY,0,0,0
WEN,0,0,0
WERN,0,0,0
WES,0,0,0
WETF,0,0,0
WEX,0,0,0
WEYS,0,0,0
WF,0,0,0
WFC,0,0,0
WFHY,0,0,0
WFIG,0,0,0
WGO,0,0,0
WH,0,0,0
WHD,0,0,0
WHF,0,0,0
WHG,0,0,0
WHLM,0,0,0
WHLR,0,0,0
WHR,0,0,0
WIA,0,0,0
WIFI,0,0,0
WIL,0,0,0
WILC,0,0,0
WIMHY,0,0,0
WIMI,0,0,0
WINA,0,0,0
WINC,0,0,0
WING,0,0,0
WINS,0,0,0
WINT,0,0,0
WIP,0,0,0
WIT,0,0,0
WIW,0,0,0
WIX,0,0,0
WIZ,0,0,0
WJRYY,0,0,0
WK,0,0,0
WKEY,0,0,0
WKHS,0,0,0
WLDBF,0,0,0
WLDN,0,0,0
WLDR,0,0,0
WLFC,0,0,0
WLH,0,0,0
WLK,0,0,0
WLKP,0,0,0
WLL,0,0,0
WLTW,0,0,0
WM,0,0,0
WMB,0,0,0
WMC,0,0,0
WMG,0,0,0
WMGI,0,0,0
WMK,0,0,0
WMS,0,0,0
WMT,0,0,0
WNC,0,0,0
WNEB,0,0,0
WNGRF,0,0,0
WNS,0,0,0
WOMN,0,0,0
WOOD,0,0,0
WOPEY,0,0,0
WOR,0,0,0
WORK,0,0,0
WORX,0,0,0
WOW,0,0,0
WPC,0,0,0
WPG,0,0,0
WPM,0,0,0
WPP,0,0,0
WPRT,0,0,0
WPS,0,0,0
WPX,0,0,0
WPZ,0,0,0
WRB,0,0,0
WRE,0,0,0
WRI,0,0,0
WRK,0,0,0
WRLD,0,0,0
WRLS,0,0,0
WRN,0,0,0
WRTC,0,0,0
WSBC,0,0,0
WSBF,0,0,0
WSC,0,0,0
WSFS,0,0,0
WSG,0,0,0
WSM,0,0,0
WSO.B,0,0,0
WSO,0,0,0
WSR,0,0,0
WST,0,0,0
WSTG,0,0,0
WSTL,0,0,0
WTBA,0,0,0
WTBDY,0,0,0
WTER,0,0,0
WTFC,0,0,0
WTI,0,0,0
WTID,0,0,0
WTIU,0,0,0
WTKWY,0,0,0
WTM,0,0,0
WTMF,0,0,0
WTR,0,0,0
WTRE,0,0,0
WTRG,0,0,0
WTRH,0,0,0
WTS,0,0,0
WTT,0,0,0
WTTR,0,0,0
WU,0,0,0
WUBA,0,0,0
WUGI,0,0,0
WVE,0,0,0
WVFC,0,0,0
WVVI,0,0,0
WW,0,0,0
WWD,0,0,0
WWE,0,0,0
WWJD,0,0,0
WWR,0,0,0
WY,0,0,0
WYND,0,0,0
WYNN,0,0,0
WYY,0,0,0
XAIR,0,0,0
XAN,0,0,0
XAR,0,0,0
XBI,0,0,0
XBIO,0,0,0
XBIT,0,0,0
XBUY,0,0,0
XCEM,0,0,0
XCOM,0,0,0
XCRA,0,0,0
XCUR,0,0,0
XDIV,0,0,0
XEC,0,0,0
XEL,0,0,0
XELA,0,0,0
XELB,0,0,0
XENE,0,0,0
XENT,0,0,0
XERS,0,0,0
XES,0,0,0
XFLT,0,0,0
XFOR,0,0,0
XGN,0,0,0
XHB,0,0,0
XHE,0,0,0
XHR,0,0,0
XHS,0,0,0
XIN,0,0,0
XITK,0,0,0
XL,0,0,0
XLB,0,0,0
XLC,0,0,0
XLE,0,0,0
XLF,0,0,0
XLG,0,0,0
XLI,0,0,0
XLK,0,0,0
XLNX,0,0,0
XLP,0,0,0
XLRE,0,0,0
XLRN,0,0,0
XLSR,0,0,0
XLU,0,0,0
XLV,0,0,0
XLY,0,0,0
XME,0,0,0
XMHQ,0,0,0
XMLV,0,0,0
XMMO,0,0,0
XMPT,0,0,0
XMVM,0,0,0
XNCR,0,0,0
XNET,0,0,0
XNTK,0,0,0
XOG,0,0,0
XOM,0,0,0
XOMA,0,0,0
XON,0,0,0
XONE,0,0,0
XOP,0,0,0
XOUT,0,0,0
XOXO,0,0,0
XP,0,0,0
XPEL,0,0,0
XPER,0,0,0
XPH,0,0,0
XPL,0,0,0
XPLR,0,0,0
XPO,0,0,0
XPP,0,0,0
XRAY,0,0,0
XRF,0,0,0
XRLV,0,0,0
XRM,0,0,0
XRT,0,0,0
XRX,0,0,0
XSD,0,0,0
XSHD,0,0,0
XSHQ,0,0,0
XSLV,0,0,0
XSMO,0,0,0
XSOE,0,0,0
XSVM,0,0,0
XSW,0,0,0
XT,0,0,0
XTH,0,0,0
XTL,0,0,0
XTN,0,0,0
XTNT,0,0,0
XVZ,0,0,0
XWEB,0,0,0
XXII,0,0,0
XYF,0,0,0
XYL,0,0,0
YAHOY,0,0,0
YANG,0,0,0
YAYO,0,0,0
YCBD,0,0,0
YCL,0,0,0
YCOM,0,0,0
YCS,0,0,0
YELP,0,0,0
YESR,0,0,0
YETI,0,0,0
YEXT,0,0,0
YGRN,0,0,0
YGYI,0,0,0
YI,0,0,0
YIN,0,0,0
YINN,0,0,0
YJ,0,0,0
YLCO,0,0,0
YLD,0,0,0
YLDE,0,0,0
YMAB,0,0,0
YNDX,0,0,0
YORW,0,0,0
YPF,0,0,0
YRCW,0,0,0
YRD,0,0,0
YTEN,0,0,0
YTRA,0,0,0
YUM,0,0,0
YUMA,0,0,0
YUMC,0,0,0
YXI,0,0,0
YY,0,0,0
YYY,0,0,0
Z,0,0,0
ZAGG,0,0,0
ZAYO,0,0,0
ZBH,0,0,0
ZBIO,0,0,0
ZBRA,0,0,0
ZCAN,0,0,0
ZCMD,0,0,0
ZDEU,0,0,0
ZDGE,0,0,0
ZEAL,0,0,0
ZEN,0,0,0
ZEUS,0,0,0
ZFGN,0,0,0
ZG,0,0,0
ZGBR,0,0,0
ZGNX,0,0,0
ZGYH,0,0,0
ZHOK,0,0,0
ZI,0,0,0
ZIG,0,0,0
ZION,0,0,0
ZIOP,0,0,0
ZIV,0,0,0
ZIXI,0,0,0
ZJPN,0,0,0
ZKIN,0,0,0
ZLAB,0,0,0
ZM,0,0,0
ZMLP,0,0,0
ZN,0,0,0
ZNGA,0,0,0
ZNH,0,0,0
ZNTL,0,0,0
ZROZ,0,0,0
ZS,0,0,0
ZSAN,0,0,0
ZSL,0,0,0
ZTCOY,0,0,0
ZTO,0,0,0
ZTR,0,0,0
ZTS,0,0,0
ZUMZ,0,0,0
ZUO,0,0,0
ZURVY,0,0,0
ZYME,0,0,0
ZYNE,0,0,0
ZYXI,0,0,0
_OUT,0,0,0
_PRN,0,0,0
